Lagereinheit_ID,Lagerort_von,Lagerort_nach,Startzeitpunkt,Endzeitpunkt
918,Hochregallager,Packplatz,2022-07-18 16:33:00,2022-07-18 19:17:00
918,Wareneingang,Hochregallager,2022-07-18 11:41:00,2022-07-18 15:30:00
529,Hochregallager,Packplatz,2022-07-18 12:51:00,2022-07-18 14:44:00
529,Wareneingang,Hochregallager,2022-07-18 09:53:00,2022-07-18 11:09:00
475,Hochregallager,Packplatz,2022-07-18 18:18:00,2022-07-18 21:56:00
475,Wareneingang,Hochregallager,2022-07-18 09:05:00,2022-07-18 09:14:00
719,Hochregallager,Packplatz,2022-07-18 13:49:00,2022-07-18 15:57:00
719,Wareneingang,Hochregallager,2022-07-18 03:12:00,2022-07-18 06:25:00
766,Hochregallager,Packplatz,2022-07-18 14:04:00,2022-07-18 17:45:00
766,Wareneingang,Hochregallager,2022-07-18 13:33:00,2022-07-18 17:02:00
103,Hochregallager,Packplatz,2022-07-18 16:47:00,2022-07-18 17:16:00
103,Wareneingang,Hochregallager,2022-07-18 05:52:00,2022-07-18 06:13:00
488,Hochregallager,Packplatz,2022-07-18 12:59:00,2022-07-18 14:58:00
488,Wareneingang,Hochregallager,2022-07-18 09:56:00,2022-07-18 13:32:00
663,Hochregallager,Packplatz,2022-07-18 18:22:00,2022-07-18 18:34:00
663,Wareneingang,Hochregallager,2022-07-18 01:00:00,2022-07-18 02:53:00
984,Hochregallager,Packplatz,2022-07-18 18:43:00,2022-07-18 19:08:00
984,Wareneingang,Hochregallager,2022-07-18 12:33:00,2022-07-18 13:52:00
513,Hochregallager,Packplatz,2022-07-18 18:30:00,2022-07-18 19:20:00
513,Wareneingang,Hochregallager,2022-07-18 07:42:00,2022-07-18 10:22:00
763,Hochregallager,Packplatz,2022-07-18 10:49:00,2022-07-18 14:12:00
763,Wareneingang,Hochregallager,2022-07-18 11:35:00,2022-07-18 14:27:00
649,Hochregallager,Packplatz,2022-07-18 15:50:00,2022-07-18 19:12:00
649,Wareneingang,Hochregallager,2022-07-18 01:40:00,2022-07-18 03:22:00
846,Hochregallager,Packplatz,2022-07-18 12:56:00,2022-07-18 13:02:00
846,Wareneingang,Hochregallager,2022-07-18 08:57:00,2022-07-18 12:04:00
487,Hochregallager,Packplatz,2022-07-18 17:31:00,2022-07-18 19:25:00
487,Wareneingang,Hochregallager,2022-07-18 06:00:00,2022-07-18 06:57:00
704,Hochregallager,Packplatz,2022-07-18 15:05:00,2022-07-18 16:37:00
704,Wareneingang,Hochregallager,2022-07-18 11:35:00,2022-07-18 14:57:00
780,Hochregallager,Packplatz,2022-07-18 16:38:00,2022-07-18 17:40:00
780,Wareneingang,Hochregallager,2022-07-17 20:59:00,2022-07-18 00:56:00
335,Hochregallager,Packplatz,2022-07-18 16:16:00,2022-07-18 19:59:00
335,Wareneingang,Hochregallager,2022-07-18 12:50:00,2022-07-18 16:18:00
723,Hochregallager,Packplatz,2022-07-18 15:48:00,2022-07-18 16:14:00
723,Wareneingang,Hochregallager,2022-07-18 09:28:00,2022-07-18 10:11:00
679,Hochregallager,Packplatz,2022-07-18 13:34:00,2022-07-18 16:45:00
679,Wareneingang,Hochregallager,2022-07-18 17:25:00,2022-07-18 18:03:00
919,Hochregallager,Packplatz,2022-07-18 19:20:00,2022-07-18 21:15:00
919,Wareneingang,Hochregallager,2022-07-18 06:15:00,2022-07-18 06:57:00
459,Hochregallager,Packplatz,2022-07-18 15:46:00,2022-07-18 18:14:00
459,Wareneingang,Hochregallager,2022-07-18 05:44:00,2022-07-18 08:27:00
383,Hochregallager,Packplatz,2022-07-18 17:32:00,2022-07-18 19:37:00
383,Wareneingang,Hochregallager,2022-07-18 05:55:00,2022-07-18 08:50:00
883,Hochregallager,Packplatz,2022-07-18 17:26:00,2022-07-18 19:13:00
883,Wareneingang,Hochregallager,2022-07-18 11:08:00,2022-07-18 12:49:00
298,Hochregallager,Packplatz,2022-07-18 14:56:00,2022-07-18 18:37:00
298,Wareneingang,Hochregallager,2022-07-17 23:02:00,2022-07-17 23:25:00
775,Hochregallager,Packplatz,2022-07-18 12:58:00,2022-07-18 15:32:00
775,Wareneingang,Hochregallager,2022-07-18 08:16:00,2022-07-18 09:23:00
155,Hochregallager,Packplatz,2022-07-18 15:01:00,2022-07-18 17:23:00
155,Wareneingang,Hochregallager,2022-07-18 07:32:00,2022-07-18 08:51:00
124,Hochregallager,Packplatz,2022-07-18 18:46:00,2022-07-18 19:55:00
124,Wareneingang,Hochregallager,2022-07-18 12:34:00,2022-07-18 14:13:00
476,Hochregallager,Packplatz,2022-07-18 13:40:00,2022-07-18 15:29:00
476,Wareneingang,Hochregallager,2022-07-18 03:12:00,2022-07-18 04:36:00
721,Hochregallager,Packplatz,2022-07-18 18:20:00,2022-07-18 18:26:00
721,Wareneingang,Hochregallager,2022-07-18 09:47:00,2022-07-18 13:43:00
531,Hochregallager,Packplatz,2022-07-18 17:33:00,2022-07-18 19:45:00
531,Wareneingang,Hochregallager,2022-07-18 05:25:00,2022-07-18 08:29:00
859,Hochregallager,Packplatz,2022-07-18 18:09:00,2022-07-18 20:46:00
859,Wareneingang,Hochregallager,2022-07-18 12:54:00,2022-07-18 15:26:00
691,Hochregallager,Packplatz,2022-07-18 19:52:00,2022-07-18 21:22:00
691,Wareneingang,Hochregallager,2022-07-17 17:38:00,2022-07-17 20:09:00
186,Hochregallager,Packplatz,2022-07-18 13:37:00,2022-07-18 16:07:00
186,Wareneingang,Hochregallager,2022-07-18 13:38:00,2022-07-18 15:09:00
747,Hochregallager,Packplatz,2022-07-18 14:32:00,2022-07-18 16:17:00
747,Wareneingang,Hochregallager,2022-07-18 07:58:00,2022-07-18 09:47:00
600,Hochregallager,Packplatz,2022-07-18 19:09:00,2022-07-18 19:48:00
600,Wareneingang,Hochregallager,2022-07-18 12:44:00,2022-07-18 15:35:00
803,Hochregallager,Packplatz,2022-07-18 14:24:00,2022-07-18 15:27:00
803,Wareneingang,Hochregallager,2022-07-18 07:08:00,2022-07-18 08:37:00
260,Hochregallager,Packplatz,2022-07-18 13:55:00,2022-07-18 14:40:00
260,Wareneingang,Hochregallager,2022-07-18 08:08:00,2022-07-18 11:23:00
314,Hochregallager,Packplatz,2022-07-18 17:56:00,2022-07-18 20:44:00
314,Wareneingang,Hochregallager,2022-07-18 14:43:00,2022-07-18 16:49:00
422,Hochregallager,Packplatz,2022-07-18 15:45:00,2022-07-18 17:21:00
422,Wareneingang,Hochregallager,2022-07-18 18:10:00,2022-07-18 18:19:00
358,Hochregallager,Packplatz,2022-07-18 12:07:00,2022-07-18 15:15:00
358,Wareneingang,Hochregallager,2022-07-18 03:53:00,2022-07-18 05:31:00
890,Hochregallager,Packplatz,2022-07-18 17:52:00,2022-07-18 20:09:00
890,Wareneingang,Hochregallager,2022-07-18 13:53:00,2022-07-18 14:10:00
185,Hochregallager,Packplatz,2022-07-18 18:24:00,2022-07-18 18:29:00
185,Wareneingang,Hochregallager,2022-07-18 03:31:00,2022-07-18 05:39:00
109,Hochregallager,Packplatz,2022-07-18 17:35:00,2022-07-18 18:30:00
109,Wareneingang,Hochregallager,2022-07-18 14:32:00,2022-07-18 16:28:00
398,Hochregallager,Packplatz,2022-07-18 17:01:00,2022-07-18 17:04:00
398,Wareneingang,Hochregallager,2022-07-18 05:02:00,2022-07-18 05:15:00
641,Hochregallager,Packplatz,2022-07-18 15:15:00,2022-07-18 18:45:00
641,Wareneingang,Hochregallager,2022-07-18 12:00:00,2022-07-18 13:40:00
544,Hochregallager,Packplatz,2022-07-18 13:30:00,2022-07-18 17:29:00
544,Wareneingang,Hochregallager,2022-07-18 05:51:00,2022-07-18 07:14:00
555,Hochregallager,Packplatz,2022-07-18 17:06:00,2022-07-18 20:22:00
555,Wareneingang,Hochregallager,2022-07-18 08:54:00,2022-07-18 11:39:00
433,Hochregallager,Packplatz,2022-07-18 18:14:00,2022-07-18 20:22:00
433,Wareneingang,Hochregallager,2022-07-17 18:49:00,2022-07-17 22:32:00
911,Hochregallager,Packplatz,2022-07-18 15:56:00,2022-07-18 19:48:00
911,Wareneingang,Hochregallager,2022-07-18 05:54:00,2022-07-18 09:07:00
905,Hochregallager,Packplatz,2022-07-18 12:07:00,2022-07-18 12:38:00
905,Wareneingang,Hochregallager,2022-07-18 03:38:00,2022-07-18 05:30:00
343,Hochregallager,Packplatz,2022-07-18 17:55:00,2022-07-18 21:19:00
343,Wareneingang,Hochregallager,2022-07-18 09:19:00,2022-07-18 12:56:00
307,Hochregallager,Packplatz,2022-07-18 14:52:00,2022-07-18 15:41:00
307,Wareneingang,Hochregallager,2022-07-18 01:27:00,2022-07-18 04:56:00
482,Hochregallager,Packplatz,2022-07-18 19:19:00,2022-07-18 19:37:00
482,Wareneingang,Hochregallager,2022-07-18 16:35:00,2022-07-18 18:12:00
301,Hochregallager,Packplatz,2022-07-18 17:17:00,2022-07-18 17:24:00
301,Wareneingang,Hochregallager,2022-07-18 09:24:00,2022-07-18 11:05:00
503,Hochregallager,Packplatz,2022-07-18 17:15:00,2022-07-18 19:02:00
503,Wareneingang,Hochregallager,2022-07-18 01:41:00,2022-07-18 02:29:00
597,Hochregallager,Packplatz,2022-07-18 16:11:00,2022-07-18 16:37:00
597,Wareneingang,Hochregallager,2022-07-18 16:08:00,2022-07-18 16:54:00
157,Hochregallager,Packplatz,2022-07-18 12:18:00,2022-07-18 15:50:00
157,Wareneingang,Hochregallager,2022-07-18 03:34:00,2022-07-18 07:20:00
132,Hochregallager,Packplatz,2022-07-18 13:34:00,2022-07-18 15:54:00
132,Wareneingang,Hochregallager,2022-07-18 13:34:00,2022-07-18 17:14:00
875,Hochregallager,Packplatz,2022-07-18 17:59:00,2022-07-18 19:29:00
875,Wareneingang,Hochregallager,2022-07-18 02:57:00,2022-07-18 03:36:00
902,Hochregallager,Packplatz,2022-07-18 18:46:00,2022-07-18 21:12:00
902,Wareneingang,Hochregallager,2022-07-18 14:14:00,2022-07-18 16:49:00
674,Hochregallager,Packplatz,2022-07-18 20:26:00,2022-07-18 21:12:00
674,Wareneingang,Hochregallager,2022-07-18 06:21:00,2022-07-18 09:42:00
558,Hochregallager,Packplatz,2022-07-18 18:37:00,2022-07-18 21:09:00
558,Wareneingang,Hochregallager,2022-07-18 18:07:00,2022-07-18 18:58:00
565,Hochregallager,Packplatz,2022-07-18 17:03:00,2022-07-18 18:10:00
565,Wareneingang,Hochregallager,2022-07-17 13:26:00,2022-07-17 16:00:00
162,Hochregallager,Packplatz,2022-07-18 18:27:00,2022-07-18 21:09:00
162,Wareneingang,Hochregallager,2022-07-18 11:49:00,2022-07-18 12:38:00
621,Hochregallager,Packplatz,2022-07-18 17:41:00,2022-07-18 18:29:00
621,Wareneingang,Hochregallager,2022-07-18 12:25:00,2022-07-18 13:16:00
786,Hochregallager,Packplatz,2022-07-18 15:09:00,2022-07-18 18:25:00
786,Wareneingang,Hochregallager,2022-07-18 07:49:00,2022-07-18 11:15:00
806,Hochregallager,Packplatz,2022-07-18 17:36:00,2022-07-18 18:45:00
806,Wareneingang,Hochregallager,2022-07-18 04:06:00,2022-07-18 04:33:00
703,Hochregallager,Packplatz,2022-07-18 18:20:00,2022-07-18 19:32:00
703,Wareneingang,Hochregallager,2022-07-18 14:27:00,2022-07-18 16:22:00
190,Hochregallager,Packplatz,2022-07-18 17:03:00,2022-07-18 17:59:00
190,Wareneingang,Hochregallager,2022-07-18 05:22:00,2022-07-18 09:17:00
779,Hochregallager,Packplatz,2022-07-18 16:04:00,2022-07-18 19:29:00
779,Wareneingang,Hochregallager,2022-07-18 12:34:00,2022-07-18 14:22:00
556,Hochregallager,Packplatz,2022-07-18 14:47:00,2022-07-18 17:18:00
556,Wareneingang,Hochregallager,2022-07-18 05:06:00,2022-07-18 05:53:00
523,Hochregallager,Packplatz,2022-07-18 14:34:00,2022-07-18 18:15:00
523,Wareneingang,Hochregallager,2022-07-18 12:11:00,2022-07-18 13:40:00
643,Hochregallager,Packplatz,2022-07-18 14:05:00,2022-07-18 17:30:00
643,Wareneingang,Hochregallager,2022-07-18 02:44:00,2022-07-18 05:21:00
757,Hochregallager,Packplatz,2022-07-18 12:48:00,2022-07-18 16:07:00
757,Wareneingang,Hochregallager,2022-07-18 11:45:00,2022-07-18 15:22:00
327,Hochregallager,Packplatz,2022-07-18 19:07:00,2022-07-18 21:17:00
327,Wareneingang,Hochregallager,2022-07-18 11:35:00,2022-07-18 13:10:00
480,Hochregallager,Packplatz,2022-07-18 13:20:00,2022-07-18 16:04:00
480,Wareneingang,Hochregallager,2022-07-18 11:43:00,2022-07-18 14:16:00
449,Hochregallager,Packplatz,2022-07-18 13:47:00,2022-07-18 15:58:00
449,Wareneingang,Hochregallager,2022-07-18 15:34:00,2022-07-18 17:07:00
676,Hochregallager,Packplatz,2022-07-18 18:25:00,2022-07-18 21:33:00
676,Wareneingang,Hochregallager,2022-07-18 06:35:00,2022-07-18 08:32:00
249,Hochregallager,Packplatz,2022-07-18 10:15:00,2022-07-18 13:35:00
249,Wareneingang,Hochregallager,2022-07-17 22:02:00,2022-07-18 00:02:00
657,Hochregallager,Packplatz,2022-07-18 17:20:00,2022-07-18 19:46:00
657,Wareneingang,Hochregallager,2022-07-18 14:33:00,2022-07-18 17:38:00
582,Hochregallager,Packplatz,2022-07-18 20:01:00,2022-07-18 20:57:00
582,Wareneingang,Hochregallager,2022-07-18 08:05:00,2022-07-18 10:29:00
159,Hochregallager,Packplatz,2022-07-18 12:19:00,2022-07-18 15:55:00
159,Wareneingang,Hochregallager,2022-07-18 18:05:00,2022-07-18 18:11:00
826,Hochregallager,Packplatz,2022-07-18 20:57:00,2022-07-18 23:44:00
826,Wareneingang,Hochregallager,2022-07-17 23:06:00,2022-07-18 02:00:00
303,Hochregallager,Packplatz,2022-07-18 14:16:00,2022-07-18 15:54:00
303,Wareneingang,Hochregallager,2022-07-18 13:44:00,2022-07-18 14:24:00
871,Hochregallager,Packplatz,2022-07-18 21:11:00,2022-07-18 22:30:00
871,Wareneingang,Hochregallager,2022-07-18 09:16:00,2022-07-18 11:57:00
370,Hochregallager,Packplatz,2022-07-18 14:02:00,2022-07-18 14:48:00
370,Wareneingang,Hochregallager,2022-07-18 15:04:00,2022-07-18 15:18:00
814,Hochregallager,Packplatz,2022-07-18 16:08:00,2022-07-18 18:00:00
814,Wareneingang,Hochregallager,2022-07-18 01:37:00,2022-07-18 03:07:00
634,Hochregallager,Packplatz,2022-07-18 17:42:00,2022-07-18 17:56:00
634,Wareneingang,Hochregallager,2022-07-18 12:06:00,2022-07-18 14:28:00
948,Hochregallager,Packplatz,2022-07-18 13:49:00,2022-07-18 15:57:00
948,Wareneingang,Hochregallager,2022-07-18 06:10:00,2022-07-18 09:47:00
552,Hochregallager,Packplatz,2022-07-18 16:17:00,2022-07-18 18:50:00
552,Wareneingang,Hochregallager,2022-07-18 09:09:00,2022-07-18 10:49:00
450,Hochregallager,Packplatz,2022-07-18 16:18:00,2022-07-18 17:38:00
450,Wareneingang,Hochregallager,2022-07-18 02:38:00,2022-07-18 05:11:00
688,Hochregallager,Packplatz,2022-07-18 18:03:00,2022-07-18 18:08:00
688,Wareneingang,Hochregallager,2022-07-18 13:54:00,2022-07-18 15:00:00
682,Hochregallager,Packplatz,2022-07-18 16:12:00,2022-07-18 17:01:00
682,Wareneingang,Hochregallager,2022-07-18 03:40:00,2022-07-18 05:28:00
430,Hochregallager,Packplatz,2022-07-18 16:02:00,2022-07-18 19:00:00
430,Wareneingang,Hochregallager,2022-07-18 13:51:00,2022-07-18 17:31:00
770,Hochregallager,Packplatz,2022-07-18 13:58:00,2022-07-18 14:55:00
770,Wareneingang,Hochregallager,2022-07-18 13:06:00,2022-07-18 14:51:00
138,Hochregallager,Packplatz,2022-07-18 18:21:00,2022-07-18 20:02:00
138,Wareneingang,Hochregallager,2022-07-18 02:47:00,2022-07-18 03:13:00
699,Hochregallager,Packplatz,2022-07-18 16:26:00,2022-07-18 18:28:00
699,Wareneingang,Hochregallager,2022-07-18 05:46:00,2022-07-18 08:46:00
284,Hochregallager,Packplatz,2022-07-18 15:37:00,2022-07-18 17:58:00
284,Wareneingang,Hochregallager,2022-07-17 22:01:00,2022-07-18 00:48:00
602,Hochregallager,Packplatz,2022-07-18 16:47:00,2022-07-18 16:54:00
602,Wareneingang,Hochregallager,2022-07-18 13:53:00,2022-07-18 16:56:00
638,Hochregallager,Packplatz,2022-07-18 15:51:00,2022-07-18 18:00:00
638,Wareneingang,Hochregallager,2022-07-18 07:15:00,2022-07-18 08:59:00
364,Hochregallager,Packplatz,2022-07-18 09:09:00,2022-07-18 13:06:00
364,Wareneingang,Hochregallager,2022-07-18 11:08:00,2022-07-18 11:39:00
910,Hochregallager,Packplatz,2022-07-18 20:33:00,2022-07-18 22:47:00
910,Wareneingang,Hochregallager,2022-07-17 21:35:00,2022-07-18 00:24:00
528,Hochregallager,Packplatz,2022-07-18 17:47:00,2022-07-18 19:17:00
528,Wareneingang,Hochregallager,2022-07-18 14:42:00,2022-07-18 15:31:00
474,Hochregallager,Packplatz,2022-07-18 19:02:00,2022-07-18 19:05:00
474,Wareneingang,Hochregallager,2022-07-18 13:06:00,2022-07-18 13:49:00
234,Hochregallager,Packplatz,2022-07-18 12:39:00,2022-07-18 14:51:00
234,Wareneingang,Hochregallager,2022-07-18 05:27:00,2022-07-18 07:40:00
417,Hochregallager,Packplatz,2022-07-18 17:24:00,2022-07-18 17:43:00
417,Wareneingang,Hochregallager,2022-07-18 13:03:00,2022-07-18 15:10:00
838,Hochregallager,Packplatz,2022-07-18 15:06:00,2022-07-18 19:03:00
838,Wareneingang,Hochregallager,2022-07-18 03:47:00,2022-07-18 06:27:00
563,Hochregallager,Packplatz,2022-07-18 20:32:00,2022-07-18 21:03:00
563,Wareneingang,Hochregallager,2022-07-18 15:08:00,2022-07-18 16:15:00
278,Hochregallager,Packplatz,2022-07-18 16:09:00,2022-07-18 19:47:00
278,Wareneingang,Hochregallager,2022-07-17 23:14:00,2022-07-17 23:30:00
561,Hochregallager,Packplatz,2022-07-18 15:17:00,2022-07-18 19:05:00
561,Wareneingang,Hochregallager,2022-07-18 10:04:00,2022-07-18 13:55:00
490,Hochregallager,Packplatz,2022-07-18 14:49:00,2022-07-18 16:33:00
490,Wareneingang,Hochregallager,2022-07-18 13:33:00,2022-07-18 14:47:00
210,Hochregallager,Packplatz,2022-07-18 14:46:00,2022-07-18 17:05:00
210,Wareneingang,Hochregallager,2022-07-18 09:26:00,2022-07-18 10:39:00
160,Hochregallager,Packplatz,2022-07-18 16:42:00,2022-07-18 19:20:00
160,Wareneingang,Hochregallager,2022-07-17 22:24:00,2022-07-17 23:34:00
468,Hochregallager,Packplatz,2022-07-18 07:12:00,2022-07-18 10:21:00
468,Wareneingang,Hochregallager,2022-07-18 08:18:00,2022-07-18 11:31:00
787,Hochregallager,Packplatz,2022-07-18 16:14:00,2022-07-18 18:44:00
787,Wareneingang,Hochregallager,2022-07-18 06:03:00,2022-07-18 09:40:00
958,Hochregallager,Packplatz,2022-07-18 11:17:00,2022-07-18 13:23:00
958,Wareneingang,Hochregallager,2022-07-18 12:39:00,2022-07-18 15:59:00
242,Hochregallager,Packplatz,2022-07-18 15:55:00,2022-07-18 17:31:00
242,Wareneingang,Hochregallager,2022-07-18 00:21:00,2022-07-18 02:24:00
722,Hochregallager,Packplatz,2022-07-18 18:57:00,2022-07-18 21:25:00
722,Wareneingang,Hochregallager,2022-07-18 14:44:00,2022-07-18 15:16:00
680,Hochregallager,Packplatz,2022-07-18 17:19:00,2022-07-18 18:47:00
680,Wareneingang,Hochregallager,2022-07-18 15:58:00,2022-07-18 17:10:00
414,Hochregallager,Packplatz,2022-07-18 15:13:00,2022-07-18 17:18:00
414,Wareneingang,Hochregallager,2022-07-18 02:21:00,2022-07-18 02:34:00
566,Hochregallager,Packplatz,2022-07-18 15:58:00,2022-07-18 18:17:00
566,Wareneingang,Hochregallager,2022-07-18 15:41:00,2022-07-18 18:32:00
778,Hochregallager,Packplatz,2022-07-18 16:17:00,2022-07-18 19:31:00
778,Wareneingang,Hochregallager,2022-07-18 12:23:00,2022-07-18 15:52:00
804,Hochregallager,Packplatz,2022-07-18 16:15:00,2022-07-18 18:54:00
804,Wareneingang,Hochregallager,2022-07-18 11:35:00,2022-07-18 14:54:00
926,Hochregallager,Packplatz,2022-07-18 13:30:00,2022-07-18 16:13:00
926,Wareneingang,Hochregallager,2022-07-17 11:12:00,2022-07-17 11:38:00
352,Hochregallager,Packplatz,2022-07-18 14:07:00,2022-07-18 14:59:00
352,Wareneingang,Hochregallager,2022-07-18 13:23:00,2022-07-18 16:47:00
217,Hochregallager,Packplatz,2022-07-18 16:01:00,2022-07-18 17:45:00
217,Wareneingang,Hochregallager,2022-07-18 07:07:00,2022-07-18 08:13:00
893,Hochregallager,Packplatz,2022-07-18 17:06:00,2022-07-18 19:33:00
893,Wareneingang,Hochregallager,2022-07-18 10:41:00,2022-07-18 14:02:00
886,Hochregallager,Packplatz,2022-07-18 13:41:00,2022-07-18 17:34:00
886,Wareneingang,Hochregallager,2022-07-18 04:27:00,2022-07-18 05:11:00
696,Hochregallager,Packplatz,2022-07-18 17:02:00,2022-07-18 19:46:00
696,Wareneingang,Hochregallager,2022-07-18 13:51:00,2022-07-18 16:06:00
661,Hochregallager,Packplatz,2022-07-18 11:32:00,2022-07-18 13:40:00
661,Wareneingang,Hochregallager,2022-07-18 01:18:00,2022-07-18 03:44:00
960,Hochregallager,Packplatz,2022-07-18 16:56:00,2022-07-18 19:22:00
960,Wareneingang,Hochregallager,2022-07-18 14:02:00,2022-07-18 16:28:00
574,Hochregallager,Packplatz,2022-07-18 17:55:00,2022-07-18 18:52:00
574,Wareneingang,Hochregallager,2022-07-18 09:19:00,2022-07-18 11:56:00
568,Hochregallager,Packplatz,2022-07-18 16:54:00,2022-07-18 18:50:00
568,Wareneingang,Hochregallager,2022-07-18 14:50:00,2022-07-18 15:12:00
614,Hochregallager,Packplatz,2022-07-18 13:19:00,2022-07-18 16:26:00
614,Wareneingang,Hochregallager,2022-07-18 03:27:00,2022-07-18 03:57:00
987,Hochregallager,Packplatz,2022-07-18 19:35:00,2022-07-18 22:49:00
987,Wareneingang,Hochregallager,2022-07-18 14:13:00,2022-07-18 15:23:00
727,Hochregallager,Packplatz,2022-07-18 11:01:00,2022-07-18 11:15:00
727,Wareneingang,Hochregallager,2022-07-18 09:46:00,2022-07-18 13:34:00
599,Hochregallager,Packplatz,2022-07-18 19:16:00,2022-07-18 20:38:00
599,Wareneingang,Hochregallager,2022-07-17 22:53:00,2022-07-18 02:27:00
728,Hochregallager,Packplatz,2022-07-18 15:20:00,2022-07-18 19:14:00
728,Wareneingang,Hochregallager,2022-07-18 13:13:00,2022-07-18 14:10:00
881,Hochregallager,Packplatz,2022-07-18 21:02:00,2022-07-18 23:05:00
881,Wareneingang,Hochregallager,2022-07-18 11:54:00,2022-07-18 12:00:00
375,Hochregallager,Packplatz,2022-07-18 15:46:00,2022-07-18 17:15:00
375,Wareneingang,Hochregallager,2022-07-18 09:12:00,2022-07-18 12:57:00
592,Hochregallager,Packplatz,2022-07-18 15:42:00,2022-07-18 18:21:00
592,Wareneingang,Hochregallager,2022-07-17 22:57:00,2022-07-17 23:38:00
642,Hochregallager,Packplatz,2022-07-18 21:30:00,2022-07-18 21:45:00
642,Wareneingang,Hochregallager,2022-07-18 08:52:00,2022-07-18 09:49:00
394,Hochregallager,Packplatz,2022-07-18 16:55:00,2022-07-18 20:00:00
394,Wareneingang,Hochregallager,2022-07-18 14:48:00,2022-07-18 17:22:00
397,Hochregallager,Packplatz,2022-07-18 19:57:00,2022-07-18 22:40:00
397,Wareneingang,Hochregallager,2022-07-18 07:54:00,2022-07-18 09:12:00
104,Hochregallager,Packplatz,2022-07-18 18:36:00,2022-07-18 18:57:00
104,Wareneingang,Hochregallager,2022-07-18 07:42:00,2022-07-18 09:49:00
707,Hochregallager,Packplatz,2022-07-18 17:17:00,2022-07-18 17:19:00
707,Wareneingang,Hochregallager,2022-07-18 07:24:00,2022-07-18 08:55:00
993,Hochregallager,Packplatz,2022-07-18 15:24:00,2022-07-18 17:36:00
993,Wareneingang,Hochregallager,2022-07-18 08:26:00,2022-07-18 12:19:00
963,Hochregallager,Packplatz,2022-07-18 12:37:00,2022-07-18 15:10:00
963,Wareneingang,Hochregallager,2022-07-18 09:51:00,2022-07-18 13:45:00
279,Hochregallager,Packplatz,2022-07-18 19:55:00,2022-07-18 20:54:00
279,Wareneingang,Hochregallager,2022-07-18 03:51:00,2022-07-18 05:33:00
974,Hochregallager,Packplatz,2022-07-18 15:08:00,2022-07-18 16:23:00
974,Wareneingang,Hochregallager,2022-07-18 05:44:00,2022-07-18 07:14:00
818,Hochregallager,Packplatz,2022-07-18 13:43:00,2022-07-18 16:30:00
818,Wareneingang,Hochregallager,2022-07-17 17:12:00,2022-07-17 20:13:00
537,Hochregallager,Packplatz,2022-07-18 13:55:00,2022-07-18 15:13:00
537,Wareneingang,Hochregallager,2022-07-18 13:24:00,2022-07-18 14:31:00
443,Hochregallager,Packplatz,2022-07-18 17:07:00,2022-07-18 20:24:00
443,Wareneingang,Hochregallager,2022-07-18 01:33:00,2022-07-18 04:55:00
203,Hochregallager,Packplatz,2022-07-18 10:43:00,2022-07-18 14:35:00
203,Wareneingang,Hochregallager,2022-07-18 09:14:00,2022-07-18 10:18:00
328,Hochregallager,Packplatz,2022-07-18 15:44:00,2022-07-18 19:33:00
328,Wareneingang,Hochregallager,2022-07-18 11:54:00,2022-07-18 15:25:00
587,Hochregallager,Packplatz,2022-07-18 15:47:00,2022-07-18 17:03:00
587,Wareneingang,Hochregallager,2022-07-18 18:02:00,2022-07-18 19:11:00
427,Hochregallager,Packplatz,2022-07-18 20:15:00,2022-07-18 21:43:00
427,Wareneingang,Hochregallager,2022-07-17 17:36:00,2022-07-17 21:16:00
933,Hochregallager,Packplatz,2022-07-18 19:55:00,2022-07-18 22:17:00
933,Wareneingang,Hochregallager,2022-07-18 11:08:00,2022-07-18 11:18:00
861,Hochregallager,Packplatz,2022-07-18 18:49:00,2022-07-18 19:30:00
861,Wareneingang,Hochregallager,2022-07-18 09:46:00,2022-07-18 10:59:00
282,Hochregallager,Packplatz,2022-07-18 12:12:00,2022-07-18 14:46:00
282,Wareneingang,Hochregallager,2022-07-18 19:15:00,2022-07-18 21:00:00
494,Hochregallager,Packplatz,2022-07-18 13:58:00,2022-07-18 16:15:00
494,Wareneingang,Hochregallager,2022-07-18 09:34:00,2022-07-18 11:48:00
288,Hochregallager,Packplatz,2022-07-18 17:41:00,2022-07-18 18:38:00
288,Wareneingang,Hochregallager,2022-07-18 09:44:00,2022-07-18 11:10:00
222,Hochregallager,Packplatz,2022-07-18 14:09:00,2022-07-18 15:43:00
222,Wareneingang,Hochregallager,2022-07-18 14:37:00,2022-07-18 15:15:00
189,Hochregallager,Packplatz,2022-07-18 19:22:00,2022-07-18 20:35:00
189,Wareneingang,Hochregallager,2022-07-18 00:33:00,2022-07-18 01:11:00
589,Hochregallager,Packplatz,2022-07-18 16:21:00,2022-07-18 17:21:00
589,Wareneingang,Hochregallager,2022-07-18 13:48:00,2022-07-18 14:23:00
992,Hochregallager,Packplatz,2022-07-18 17:46:00,2022-07-18 20:24:00
992,Wareneingang,Hochregallager,2022-07-18 08:45:00,2022-07-18 10:12:00
953,Hochregallager,Packplatz,2022-07-18 17:02:00,2022-07-18 18:11:00
953,Wareneingang,Hochregallager,2022-07-17 22:58:00,2022-07-18 02:58:00
825,Hochregallager,Packplatz,2022-07-18 17:40:00,2022-07-18 19:43:00
825,Wareneingang,Hochregallager,2022-07-18 10:11:00,2022-07-18 14:07:00
711,Hochregallager,Packplatz,2022-07-18 16:13:00,2022-07-18 19:22:00
711,Wareneingang,Hochregallager,2022-07-18 12:29:00,2022-07-18 13:58:00
320,Hochregallager,Packplatz,2022-07-18 07:39:00,2022-07-18 11:24:00
320,Wareneingang,Hochregallager,2022-07-18 11:54:00,2022-07-18 14:23:00
708,Hochregallager,Packplatz,2022-07-18 15:46:00,2022-07-18 16:34:00
708,Wareneingang,Hochregallager,2022-07-18 07:09:00,2022-07-18 10:51:00
471,Hochregallager,Packplatz,2022-07-18 14:35:00,2022-07-18 16:00:00
471,Wareneingang,Hochregallager,2022-07-18 13:26:00,2022-07-18 15:35:00
848,Hochregallager,Packplatz,2022-07-18 17:45:00,2022-07-18 18:54:00
848,Wareneingang,Hochregallager,2022-07-18 00:04:00,2022-07-18 01:27:00
833,Hochregallager,Packplatz,2022-07-18 17:29:00,2022-07-18 17:33:00
833,Wareneingang,Hochregallager,2022-07-18 12:01:00,2022-07-18 12:38:00
129,Hochregallager,Packplatz,2022-07-18 12:17:00,2022-07-18 13:51:00
129,Wareneingang,Hochregallager,2022-07-18 09:46:00,2022-07-18 13:44:00
519,Hochregallager,Packplatz,2022-07-18 18:13:00,2022-07-18 18:55:00
519,Wareneingang,Hochregallager,2022-07-18 11:04:00,2022-07-18 13:33:00
452,Hochregallager,Packplatz,2022-07-18 15:41:00,2022-07-18 16:44:00
452,Wareneingang,Hochregallager,2022-07-17 12:20:00,2022-07-17 12:38:00
342,Hochregallager,Packplatz,2022-07-18 13:29:00,2022-07-18 16:24:00
342,Wareneingang,Hochregallager,2022-07-18 09:35:00,2022-07-18 12:50:00
209,Hochregallager,Packplatz,2022-07-18 12:58:00,2022-07-18 16:21:00
209,Wareneingang,Hochregallager,2022-07-18 17:06:00,2022-07-18 17:17:00
435,Hochregallager,Packplatz,2022-07-18 18:59:00,2022-07-18 22:29:00
435,Wareneingang,Hochregallager,2022-07-18 01:38:00,2022-07-18 02:33:00
516,Hochregallager,Packplatz,2022-07-18 14:24:00,2022-07-18 16:58:00
516,Wareneingang,Hochregallager,2022-07-18 00:40:00,2022-07-18 04:32:00
385,Hochregallager,Packplatz,2022-07-18 11:11:00,2022-07-18 13:10:00
385,Wareneingang,Hochregallager,2022-07-18 12:16:00,2022-07-18 14:34:00
264,Hochregallager,Packplatz,2022-07-18 18:38:00,2022-07-18 20:55:00
264,Wareneingang,Hochregallager,2022-07-17 17:38:00,2022-07-17 19:16:00
106,Hochregallager,Packplatz,2022-07-18 11:36:00,2022-07-18 14:55:00
106,Wareneingang,Hochregallager,2022-07-18 12:37:00,2022-07-18 16:01:00
333,Hochregallager,Packplatz,2022-07-18 18:55:00,2022-07-18 21:03:00
333,Wareneingang,Hochregallager,2022-07-18 10:45:00,2022-07-18 12:26:00
330,Hochregallager,Packplatz,2022-07-18 16:53:00,2022-07-18 19:34:00
330,Wareneingang,Hochregallager,2022-07-18 10:46:00,2022-07-18 13:41:00
729,Hochregallager,Packplatz,2022-07-18 12:11:00,2022-07-18 15:36:00
729,Wareneingang,Hochregallager,2022-07-18 01:53:00,2022-07-18 03:50:00
850,Hochregallager,Packplatz,2022-07-18 14:53:00,2022-07-18 18:43:00
850,Wareneingang,Hochregallager,2022-07-18 15:18:00,2022-07-18 18:46:00
266,Hochregallager,Packplatz,2022-07-18 18:10:00,2022-07-18 21:00:00
266,Wareneingang,Hochregallager,2022-07-17 15:29:00,2022-07-17 18:12:00
935,Hochregallager,Packplatz,2022-07-18 18:55:00,2022-07-18 19:19:00
935,Wareneingang,Hochregallager,2022-07-18 09:02:00,2022-07-18 12:28:00
391,Hochregallager,Packplatz,2022-07-18 16:24:00,2022-07-18 19:22:00
391,Wareneingang,Hochregallager,2022-07-18 08:59:00,2022-07-18 12:47:00
228,Hochregallager,Packplatz,2022-07-18 10:53:00,2022-07-18 12:27:00
228,Wareneingang,Hochregallager,2022-07-18 10:04:00,2022-07-18 12:15:00
956,Hochregallager,Packplatz,2022-07-18 18:40:00,2022-07-18 20:44:00
956,Wareneingang,Hochregallager,2022-07-18 09:17:00,2022-07-18 10:02:00
756,Hochregallager,Packplatz,2022-07-18 16:16:00,2022-07-18 17:51:00
756,Wareneingang,Hochregallager,2022-07-18 09:47:00,2022-07-18 11:20:00
305,Hochregallager,Packplatz,2022-07-18 19:48:00,2022-07-18 21:16:00
305,Wareneingang,Hochregallager,2022-07-18 14:01:00,2022-07-18 16:07:00
339,Hochregallager,Packplatz,2022-07-18 12:02:00,2022-07-18 14:28:00
339,Wareneingang,Hochregallager,2022-07-18 08:14:00,2022-07-18 10:50:00
613,Hochregallager,Packplatz,2022-07-18 18:11:00,2022-07-18 20:12:00
613,Wareneingang,Hochregallager,2022-07-18 11:00:00,2022-07-18 11:41:00
238,Hochregallager,Packplatz,2022-07-18 16:35:00,2022-07-18 19:10:00
238,Wareneingang,Hochregallager,2022-07-18 01:13:00,2022-07-18 01:18:00
978,Hochregallager,Packplatz,2022-07-18 18:40:00,2022-07-18 19:56:00
978,Wareneingang,Hochregallager,2022-07-18 15:30:00,2022-07-18 19:28:00
615,Hochregallager,Packplatz,2022-07-18 17:27:00,2022-07-18 20:52:00
615,Wareneingang,Hochregallager,2022-07-18 13:01:00,2022-07-18 14:39:00
713,Hochregallager,Packplatz,2022-07-18 13:02:00,2022-07-18 13:50:00
713,Wareneingang,Hochregallager,2022-07-18 14:56:00,2022-07-18 15:12:00
586,Hochregallager,Packplatz,2022-07-18 15:34:00,2022-07-18 17:04:00
586,Wareneingang,Hochregallager,2022-07-18 06:21:00,2022-07-18 07:36:00
773,Hochregallager,Packplatz,2022-07-18 12:51:00,2022-07-18 14:48:00
773,Wareneingang,Hochregallager,2022-07-18 14:02:00,2022-07-18 14:39:00
748,Hochregallager,Packplatz,2022-07-18 12:08:00,2022-07-18 13:15:00
748,Wareneingang,Hochregallager,2022-07-18 07:42:00,2022-07-18 10:48:00
506,Hochregallager,Packplatz,2022-07-18 11:28:00,2022-07-18 15:23:00
506,Wareneingang,Hochregallager,2022-07-18 06:24:00,2022-07-18 08:28:00
492,Hochregallager,Packplatz,2022-07-18 19:23:00,2022-07-18 21:20:00
492,Wareneingang,Hochregallager,2022-07-18 11:04:00,2022-07-18 14:40:00
147,Hochregallager,Packplatz,2022-07-18 18:18:00,2022-07-18 19:01:00
147,Wareneingang,Hochregallager,2022-07-17 20:13:00,2022-07-17 20:26:00
959,Hochregallager,Packplatz,2022-07-18 13:38:00,2022-07-18 17:09:00
959,Wareneingang,Hochregallager,2022-07-18 04:18:00,2022-07-18 05:22:00
292,Hochregallager,Packplatz,2022-07-18 21:13:00,2022-07-18 23:09:00
292,Wareneingang,Hochregallager,2022-07-18 05:18:00,2022-07-18 06:32:00
811,Hochregallager,Packplatz,2022-07-18 14:47:00,2022-07-18 15:18:00
811,Wareneingang,Hochregallager,2022-07-18 12:54:00,2022-07-18 13:53:00
714,Hochregallager,Packplatz,2022-07-18 11:08:00,2022-07-18 13:09:00
714,Wareneingang,Hochregallager,2022-07-17 23:30:00,2022-07-18 02:22:00
557,Hochregallager,Packplatz,2022-07-18 19:45:00,2022-07-18 20:13:00
557,Wareneingang,Hochregallager,2022-07-18 07:15:00,2022-07-18 09:20:00
204,Hochregallager,Packplatz,2022-07-18 12:25:00,2022-07-18 16:15:00
204,Wareneingang,Hochregallager,2022-07-18 09:49:00,2022-07-18 10:13:00
571,Hochregallager,Packplatz,2022-07-18 12:30:00,2022-07-18 15:20:00
571,Wareneingang,Hochregallager,2022-07-17 21:46:00,2022-07-17 21:58:00
539,Hochregallager,Packplatz,2022-07-18 19:03:00,2022-07-18 20:58:00
539,Wareneingang,Hochregallager,2022-07-18 13:29:00,2022-07-18 15:46:00
610,Hochregallager,Packplatz,2022-07-18 18:18:00,2022-07-18 20:45:00
610,Wareneingang,Hochregallager,2022-07-18 08:34:00,2022-07-18 11:41:00
724,Hochregallager,Packplatz,2022-07-18 11:41:00,2022-07-18 14:47:00
724,Wareneingang,Hochregallager,2022-07-18 15:12:00,2022-07-18 17:01:00
882,Hochregallager,Packplatz,2022-07-18 12:37:00,2022-07-18 14:51:00
882,Wareneingang,Hochregallager,2022-07-18 02:54:00,2022-07-18 05:48:00
317,Hochregallager,Packplatz,2022-07-18 16:41:00,2022-07-18 19:50:00
317,Wareneingang,Hochregallager,2022-07-17 23:54:00,2022-07-18 01:21:00
114,Hochregallager,Packplatz,2022-07-18 20:54:00,2022-07-18 21:05:00
114,Wareneingang,Hochregallager,2022-07-18 11:47:00,2022-07-18 12:21:00
573,Hochregallager,Packplatz,2022-07-18 17:57:00,2022-07-18 19:15:00
573,Wareneingang,Hochregallager,2022-07-18 09:57:00,2022-07-18 11:03:00
113,Hochregallager,Packplatz,2022-07-18 20:21:00,2022-07-18 21:21:00
113,Wareneingang,Hochregallager,2022-07-18 13:34:00,2022-07-18 13:41:00
906,Hochregallager,Packplatz,2022-07-18 21:29:00,2022-07-18 23:30:00
906,Wareneingang,Hochregallager,2022-07-18 06:07:00,2022-07-18 09:08:00
706,Hochregallager,Packplatz,2022-07-18 15:57:00,2022-07-18 17:04:00
706,Wareneingang,Hochregallager,2022-07-18 11:03:00,2022-07-18 12:16:00
887,Hochregallager,Packplatz,2022-07-18 14:20:00,2022-07-18 15:53:00
887,Wareneingang,Hochregallager,2022-07-17 07:27:00,2022-07-17 08:31:00
964,Hochregallager,Packplatz,2022-07-18 16:36:00,2022-07-18 17:52:00
964,Wareneingang,Hochregallager,2022-07-18 06:19:00,2022-07-18 09:30:00
337,Hochregallager,Packplatz,2022-07-18 18:51:00,2022-07-18 21:21:00
337,Wareneingang,Hochregallager,2022-07-18 04:59:00,2022-07-18 06:38:00
408,Hochregallager,Packplatz,2022-07-18 13:08:00,2022-07-18 16:30:00
408,Wareneingang,Hochregallager,2022-07-18 10:01:00,2022-07-18 12:43:00
371,Hochregallager,Packplatz,2022-07-18 14:26:00,2022-07-18 16:25:00
371,Wareneingang,Hochregallager,2022-07-18 13:00:00,2022-07-18 14:01:00
412,Hochregallager,Packplatz,2022-07-18 13:56:00,2022-07-18 16:38:00
412,Wareneingang,Hochregallager,2022-07-18 12:35:00,2022-07-18 15:17:00
560,Hochregallager,Packplatz,2022-07-18 14:01:00,2022-07-18 17:20:00
560,Wareneingang,Hochregallager,2022-07-18 06:46:00,2022-07-18 08:26:00
672,Hochregallager,Packplatz,2022-07-18 15:10:00,2022-07-18 18:34:00
672,Wareneingang,Hochregallager,2022-07-18 07:26:00,2022-07-18 10:46:00
972,Hochregallager,Packplatz,2022-07-18 15:09:00,2022-07-18 15:39:00
972,Wareneingang,Hochregallager,2022-07-18 10:27:00,2022-07-18 11:41:00
148,Hochregallager,Packplatz,2022-07-18 10:52:00,2022-07-18 13:23:00
148,Wareneingang,Hochregallager,2022-07-18 07:20:00,2022-07-18 07:35:00
156,Hochregallager,Packplatz,2022-07-18 16:34:00,2022-07-18 18:01:00
156,Wareneingang,Hochregallager,2022-07-17 17:34:00,2022-07-17 21:32:00
239,Hochregallager,Packplatz,2022-07-18 16:40:00,2022-07-18 16:43:00
239,Wareneingang,Hochregallager,2022-07-18 14:56:00,2022-07-18 16:04:00
581,Hochregallager,Packplatz,2022-07-18 14:37:00,2022-07-18 17:10:00
581,Wareneingang,Hochregallager,2022-07-18 12:47:00,2022-07-18 13:17:00
413,Hochregallager,Packplatz,2022-07-18 14:37:00,2022-07-18 17:12:00
413,Wareneingang,Hochregallager,2022-07-18 14:30:00,2022-07-18 17:04:00
654,Hochregallager,Packplatz,2022-07-18 14:39:00,2022-07-18 15:34:00
654,Wareneingang,Hochregallager,2022-07-18 04:34:00,2022-07-18 06:24:00
326,Hochregallager,Packplatz,2022-07-18 09:38:00,2022-07-18 11:52:00
326,Wareneingang,Hochregallager,2022-07-18 12:25:00,2022-07-18 15:49:00
921,Hochregallager,Packplatz,2022-07-18 15:42:00,2022-07-18 18:56:00
921,Wareneingang,Hochregallager,2022-07-18 12:58:00,2022-07-18 13:49:00
909,Hochregallager,Packplatz,2022-07-18 17:33:00,2022-07-18 18:36:00
909,Wareneingang,Hochregallager,2022-07-18 06:24:00,2022-07-18 10:08:00
888,Hochregallager,Packplatz,2022-07-18 14:26:00,2022-07-18 16:36:00
888,Wareneingang,Hochregallager,2022-07-18 00:27:00,2022-07-18 00:35:00
272,Hochregallager,Packplatz,2022-07-18 12:52:00,2022-07-18 16:25:00
272,Wareneingang,Hochregallager,2022-07-18 15:20:00,2022-07-18 15:24:00
206,Hochregallager,Packplatz,2022-07-18 19:35:00,2022-07-18 21:57:00
206,Wareneingang,Hochregallager,2022-07-18 04:45:00,2022-07-18 05:55:00
244,Hochregallager,Packplatz,2022-07-18 13:31:00,2022-07-18 14:27:00
244,Wareneingang,Hochregallager,2022-07-18 06:42:00,2022-07-18 08:42:00
410,Hochregallager,Packplatz,2022-07-18 15:55:00,2022-07-18 17:15:00
410,Wareneingang,Hochregallager,2022-07-18 13:20:00,2022-07-18 15:32:00
867,Hochregallager,Packplatz,2022-07-18 10:43:00,2022-07-18 13:58:00
867,Wareneingang,Hochregallager,2022-07-17 16:27:00,2022-07-17 20:01:00
794,Hochregallager,Packplatz,2022-07-18 14:07:00,2022-07-18 16:51:00
794,Wareneingang,Hochregallager,2022-07-18 11:00:00,2022-07-18 12:12:00
165,Hochregallager,Packplatz,2022-07-18 18:28:00,2022-07-18 18:42:00
165,Wareneingang,Hochregallager,2022-07-18 18:11:00,2022-07-18 18:49:00
425,Hochregallager,Packplatz,2022-07-18 16:39:00,2022-07-18 17:36:00
425,Wareneingang,Hochregallager,2022-07-18 07:18:00,2022-07-18 10:01:00
146,Hochregallager,Packplatz,2022-07-18 16:55:00,2022-07-18 18:16:00
146,Wareneingang,Hochregallager,2022-07-18 08:15:00,2022-07-18 11:50:00
295,Hochregallager,Packplatz,2022-07-18 17:29:00,2022-07-18 20:35:00
295,Wareneingang,Hochregallager,2022-07-18 03:04:00,2022-07-18 05:14:00
829,Hochregallager,Packplatz,2022-07-18 19:04:00,2022-07-18 20:11:00
829,Wareneingang,Hochregallager,2022-07-18 12:15:00,2022-07-18 13:16:00
854,Hochregallager,Packplatz,2022-07-18 13:06:00,2022-07-18 16:19:00
854,Wareneingang,Hochregallager,2022-07-17 20:50:00,2022-07-17 21:58:00
448,Hochregallager,Packplatz,2022-07-18 15:53:00,2022-07-18 15:55:00
448,Wareneingang,Hochregallager,2022-07-18 14:14:00,2022-07-18 16:46:00
194,Hochregallager,Packplatz,2022-07-18 16:41:00,2022-07-18 18:59:00
194,Wareneingang,Hochregallager,2022-07-18 06:14:00,2022-07-18 06:44:00
687,Hochregallager,Packplatz,2022-07-18 13:36:00,2022-07-18 15:01:00
687,Wareneingang,Hochregallager,2022-07-18 18:39:00,2022-07-18 19:43:00
111,Hochregallager,Packplatz,2022-07-18 12:40:00,2022-07-18 16:02:00
111,Wareneingang,Hochregallager,2022-07-18 13:11:00,2022-07-18 16:39:00
930,Hochregallager,Packplatz,2022-07-18 17:29:00,2022-07-18 21:19:00
930,Wareneingang,Hochregallager,2022-07-18 12:31:00,2022-07-18 14:46:00
979,Hochregallager,Packplatz,2022-07-18 15:42:00,2022-07-18 17:38:00
979,Wareneingang,Hochregallager,2022-07-18 16:51:00,2022-07-18 19:01:00
250,Hochregallager,Packplatz,2022-07-18 21:59:00,2022-07-18 22:05:00
250,Wareneingang,Hochregallager,2022-07-18 06:10:00,2022-07-18 07:28:00
182,Hochregallager,Packplatz,2022-07-18 19:07:00,2022-07-18 22:01:00
182,Wareneingang,Hochregallager,2022-07-18 13:18:00,2022-07-18 16:46:00
869,Hochregallager,Packplatz,2022-07-18 15:03:00,2022-07-18 16:43:00
869,Wareneingang,Hochregallager,2022-07-18 06:25:00,2022-07-18 07:18:00
710,Hochregallager,Packplatz,2022-07-18 14:35:00,2022-07-18 17:14:00
710,Wareneingang,Hochregallager,2022-07-18 12:25:00,2022-07-18 15:18:00
536,Hochregallager,Packplatz,2022-07-18 14:19:00,2022-07-18 17:52:00
536,Wareneingang,Hochregallager,2022-07-18 01:56:00,2022-07-18 04:28:00
524,Hochregallager,Packplatz,2022-07-18 14:51:00,2022-07-18 17:35:00
524,Wareneingang,Hochregallager,2022-07-18 10:08:00,2022-07-18 11:47:00
404,Hochregallager,Packplatz,2022-07-18 13:12:00,2022-07-18 15:26:00
404,Wareneingang,Hochregallager,2022-07-18 06:27:00,2022-07-18 07:30:00
378,Hochregallager,Packplatz,2022-07-18 17:54:00,2022-07-18 19:36:00
378,Wareneingang,Hochregallager,2022-07-18 09:49:00,2022-07-18 10:20:00
865,Hochregallager,Packplatz,2022-07-18 15:12:00,2022-07-18 18:17:00
865,Wareneingang,Hochregallager,2022-07-18 13:53:00,2022-07-18 15:32:00
406,Hochregallager,Packplatz,2022-07-18 16:17:00,2022-07-18 19:00:00
406,Wareneingang,Hochregallager,2022-07-18 15:45:00,2022-07-18 19:07:00
941,Hochregallager,Packplatz,2022-07-18 18:03:00,2022-07-18 19:30:00
941,Wareneingang,Hochregallager,2022-07-17 22:47:00,2022-07-18 00:55:00
181,Hochregallager,Packplatz,2022-07-18 14:01:00,2022-07-18 17:26:00
181,Wareneingang,Hochregallager,2022-07-18 10:01:00,2022-07-18 12:47:00
839,Hochregallager,Packplatz,2022-07-18 14:34:00,2022-07-18 17:17:00
839,Wareneingang,Hochregallager,2022-07-18 07:09:00,2022-07-18 10:35:00
508,Hochregallager,Packplatz,2022-07-18 15:38:00,2022-07-18 18:42:00
508,Wareneingang,Hochregallager,2022-07-17 13:49:00,2022-07-17 15:20:00
321,Hochregallager,Packplatz,2022-07-18 17:17:00,2022-07-18 20:00:00
321,Wareneingang,Hochregallager,2022-07-18 10:15:00,2022-07-18 11:54:00
788,Hochregallager,Packplatz,2022-07-18 14:20:00,2022-07-18 16:52:00
788,Wareneingang,Hochregallager,2022-07-18 09:32:00,2022-07-18 12:20:00
525,Hochregallager,Packplatz,2022-07-18 18:51:00,2022-07-18 20:52:00
525,Wareneingang,Hochregallager,2022-07-18 06:23:00,2022-07-18 08:39:00
491,Hochregallager,Packplatz,2022-07-18 22:14:00,2022-07-18 23:08:00
491,Wareneingang,Hochregallager,2022-07-18 06:45:00,2022-07-18 10:28:00
866,Hochregallager,Packplatz,2022-07-18 14:26:00,2022-07-18 17:06:00
866,Wareneingang,Hochregallager,2022-07-18 12:27:00,2022-07-18 14:03:00
907,Hochregallager,Packplatz,2022-07-18 14:42:00,2022-07-18 17:09:00
907,Wareneingang,Hochregallager,2022-07-18 08:23:00,2022-07-18 09:48:00
261,Hochregallager,Packplatz,2022-07-18 17:26:00,2022-07-18 20:33:00
261,Wareneingang,Hochregallager,2022-07-18 13:02:00,2022-07-18 15:24:00
973,Hochregallager,Packplatz,2022-07-18 20:16:00,2022-07-18 22:51:00
973,Wareneingang,Hochregallager,2022-07-17 19:39:00,2022-07-17 22:34:00
438,Hochregallager,Packplatz,2022-07-18 20:41:00,2022-07-18 21:10:00
438,Wareneingang,Hochregallager,2022-07-18 12:48:00,2022-07-18 13:06:00
319,Hochregallager,Packplatz,2022-07-18 17:29:00,2022-07-18 19:31:00
319,Wareneingang,Hochregallager,2022-07-18 09:07:00,2022-07-18 12:30:00
299,Hochregallager,Packplatz,2022-07-18 18:03:00,2022-07-18 18:38:00
299,Wareneingang,Hochregallager,2022-07-18 14:48:00,2022-07-18 18:15:00
461,Hochregallager,Packplatz,2022-07-18 20:22:00,2022-07-18 22:41:00
461,Wareneingang,Hochregallager,2022-07-17 12:35:00,2022-07-17 14:26:00
951,Hochregallager,Packplatz,2022-07-18 13:54:00,2022-07-18 17:18:00
951,Wareneingang,Hochregallager,2022-07-18 17:36:00,2022-07-18 19:51:00
961,Hochregallager,Packplatz,2022-07-18 12:55:00,2022-07-18 13:26:00
961,Wareneingang,Hochregallager,2022-07-18 12:37:00,2022-07-18 16:14:00
897,Hochregallager,Packplatz,2022-07-18 12:51:00,2022-07-18 16:40:00
897,Wareneingang,Hochregallager,2022-07-18 05:37:00,2022-07-18 08:44:00
211,Hochregallager,Packplatz,2022-07-18 14:00:00,2022-07-18 16:50:00
211,Wareneingang,Hochregallager,2022-07-18 08:41:00,2022-07-18 09:20:00
569,Hochregallager,Packplatz,2022-07-18 11:58:00,2022-07-18 14:04:00
569,Wareneingang,Hochregallager,2022-07-18 17:14:00,2022-07-18 17:42:00
891,Hochregallager,Packplatz,2022-07-18 11:34:00,2022-07-18 15:27:00
891,Wareneingang,Hochregallager,2022-07-17 22:25:00,2022-07-18 00:59:00
451,Hochregallager,Packplatz,2022-07-18 16:13:00,2022-07-18 18:43:00
451,Wareneingang,Hochregallager,2022-07-18 09:52:00,2022-07-18 11:15:00
543,Hochregallager,Packplatz,2022-07-18 16:56:00,2022-07-18 20:48:00
543,Wareneingang,Hochregallager,2022-07-18 06:13:00,2022-07-18 06:17:00
940,Hochregallager,Packplatz,2022-07-18 14:08:00,2022-07-18 15:46:00
940,Wareneingang,Hochregallager,2022-07-18 16:27:00,2022-07-18 16:43:00
697,Hochregallager,Packplatz,2022-07-18 15:52:00,2022-07-18 19:28:00
697,Wareneingang,Hochregallager,2022-07-18 05:18:00,2022-07-18 06:57:00
698,Hochregallager,Packplatz,2022-07-18 14:51:00,2022-07-18 17:14:00
698,Wareneingang,Hochregallager,2022-07-18 09:05:00,2022-07-18 11:58:00
338,Hochregallager,Packplatz,2022-07-18 14:13:00,2022-07-18 14:46:00
338,Wareneingang,Hochregallager,2022-07-18 09:08:00,2022-07-18 12:02:00
994,Hochregallager,Packplatz,2022-07-18 16:42:00,2022-07-18 18:32:00
994,Wareneingang,Hochregallager,2022-07-18 15:03:00,2022-07-18 18:37:00
423,Hochregallager,Packplatz,2022-07-18 17:46:00,2022-07-18 19:42:00
423,Wareneingang,Hochregallager,2022-07-17 20:13:00,2022-07-17 21:31:00
347,Hochregallager,Packplatz,2022-07-18 11:50:00,2022-07-18 15:17:00
347,Wareneingang,Hochregallager,2022-07-18 13:01:00,2022-07-18 13:22:00
296,Hochregallager,Packplatz,2022-07-18 15:42:00,2022-07-18 19:05:00
296,Wareneingang,Hochregallager,2022-07-18 15:39:00,2022-07-18 16:54:00
214,Hochregallager,Packplatz,2022-07-18 19:52:00,2022-07-18 20:29:00
214,Wareneingang,Hochregallager,2022-07-18 05:56:00,2022-07-18 06:03:00
517,Hochregallager,Packplatz,2022-07-18 17:33:00,2022-07-18 18:18:00
517,Wareneingang,Hochregallager,2022-07-18 08:34:00,2022-07-18 11:24:00
243,Hochregallager,Packplatz,2022-07-18 21:07:00,2022-07-18 22:26:00
243,Wareneingang,Hochregallager,2022-07-18 15:51:00,2022-07-18 16:05:00
664,Hochregallager,Packplatz,2022-07-18 15:12:00,2022-07-18 18:24:00
664,Wareneingang,Hochregallager,2022-07-18 01:32:00,2022-07-18 01:53:00
158,Hochregallager,Packplatz,2022-07-18 17:03:00,2022-07-18 20:33:00
158,Wareneingang,Hochregallager,2022-07-18 09:01:00,2022-07-18 12:45:00
922,Hochregallager,Packplatz,2022-07-18 18:51:00,2022-07-18 19:57:00
922,Wareneingang,Hochregallager,2022-07-18 10:09:00,2022-07-18 10:55:00
758,Hochregallager,Packplatz,2022-07-18 13:34:00,2022-07-18 17:20:00
758,Wareneingang,Hochregallager,2022-07-18 13:32:00,2022-07-18 14:13:00
293,Hochregallager,Packplatz,2022-07-18 12:42:00,2022-07-18 14:58:00
293,Wareneingang,Hochregallager,2022-07-17 20:40:00,2022-07-17 21:29:00
913,Hochregallager,Packplatz,2022-07-18 21:04:00,2022-07-18 22:24:00
913,Wareneingang,Hochregallager,2022-07-18 03:19:00,2022-07-18 05:02:00
218,Hochregallager,Packplatz,2022-07-18 16:36:00,2022-07-18 19:38:00
218,Wareneingang,Hochregallager,2022-07-18 08:35:00,2022-07-18 10:53:00
526,Hochregallager,Packplatz,2022-07-18 19:04:00,2022-07-18 20:37:00
526,Wareneingang,Hochregallager,2022-07-18 14:14:00,2022-07-18 14:37:00
855,Hochregallager,Packplatz,2022-07-18 18:52:00,2022-07-18 22:29:00
855,Wareneingang,Hochregallager,2022-07-18 03:30:00,2022-07-18 04:37:00
591,Hochregallager,Packplatz,2022-07-18 19:16:00,2022-07-18 20:17:00
591,Wareneingang,Hochregallager,2022-07-18 10:36:00,2022-07-18 11:35:00
481,Hochregallager,Packplatz,2022-07-18 14:56:00,2022-07-18 15:40:00
481,Wareneingang,Hochregallager,2022-07-18 12:31:00,2022-07-18 15:26:00
799,Hochregallager,Packplatz,2022-07-18 19:49:00,2022-07-18 21:42:00
799,Wareneingang,Hochregallager,2022-07-17 20:08:00,2022-07-17 22:42:00
894,Hochregallager,Packplatz,2022-07-18 09:35:00,2022-07-18 13:28:00
894,Wareneingang,Hochregallager,2022-07-18 14:07:00,2022-07-18 14:40:00
533,Hochregallager,Packplatz,2022-07-18 18:27:00,2022-07-18 18:36:00
533,Wareneingang,Hochregallager,2022-07-18 08:33:00,2022-07-18 09:26:00
373,Hochregallager,Packplatz,2022-07-18 15:55:00,2022-07-18 18:16:00
373,Wareneingang,Hochregallager,2022-07-18 13:47:00,2022-07-18 14:19:00
420,Hochregallager,Packplatz,2022-07-18 19:36:00,2022-07-18 20:06:00
420,Wareneingang,Hochregallager,2022-07-18 13:14:00,2022-07-18 14:59:00
743,Hochregallager,Packplatz,2022-07-18 15:37:00,2022-07-18 19:21:00
743,Wareneingang,Hochregallager,2022-07-18 09:08:00,2022-07-18 10:34:00
578,Hochregallager,Packplatz,2022-07-18 17:22:00,2022-07-18 19:52:00
578,Wareneingang,Hochregallager,2022-07-18 07:07:00,2022-07-18 07:20:00
656,Hochregallager,Packplatz,2022-07-18 15:37:00,2022-07-18 17:00:00
656,Wareneingang,Hochregallager,2022-07-18 04:03:00,2022-07-18 05:49:00
550,Hochregallager,Packplatz,2022-07-18 11:25:00,2022-07-18 14:45:00
550,Wareneingang,Hochregallager,2022-07-18 15:08:00,2022-07-18 15:32:00
499,Hochregallager,Packplatz,2022-07-18 14:15:00,2022-07-18 16:35:00
499,Wareneingang,Hochregallager,2022-07-18 14:10:00,2022-07-18 16:46:00
142,Hochregallager,Packplatz,2022-07-18 16:28:00,2022-07-18 20:12:00
142,Wareneingang,Hochregallager,2022-07-17 22:10:00,2022-07-17 23:49:00
626,Hochregallager,Packplatz,2022-07-18 19:01:00,2022-07-18 19:14:00
626,Wareneingang,Hochregallager,2022-07-18 14:59:00,2022-07-18 17:04:00
125,Hochregallager,Packplatz,2022-07-18 10:50:00,2022-07-18 14:04:00
125,Wareneingang,Hochregallager,2022-07-18 09:14:00,2022-07-18 12:06:00
847,Hochregallager,Packplatz,2022-07-18 19:21:00,2022-07-18 19:40:00
847,Wareneingang,Hochregallager,2022-07-18 07:44:00,2022-07-18 10:32:00
269,Hochregallager,Packplatz,2022-07-18 17:50:00,2022-07-18 20:22:00
269,Wareneingang,Hochregallager,2022-07-18 09:35:00,2022-07-18 10:45:00
858,Hochregallager,Packplatz,2022-07-18 15:23:00,2022-07-18 17:44:00
858,Wareneingang,Hochregallager,2022-07-18 15:15:00,2022-07-18 15:49:00
805,Hochregallager,Packplatz,2022-07-18 16:12:00,2022-07-18 19:59:00
805,Wareneingang,Hochregallager,2022-07-17 11:43:00,2022-07-17 13:47:00
648,Hochregallager,Packplatz,2022-07-18 19:31:00,2022-07-18 20:29:00
648,Wareneingang,Hochregallager,2022-07-18 05:40:00,2022-07-18 08:40:00
962,Hochregallager,Packplatz,2022-07-18 14:48:00,2022-07-18 18:03:00
962,Wareneingang,Hochregallager,2022-07-17 23:58:00,2022-07-18 01:12:00
297,Hochregallager,Packplatz,2022-07-18 11:01:00,2022-07-18 13:08:00
297,Wareneingang,Hochregallager,2022-07-18 00:32:00,2022-07-18 03:41:00
784,Hochregallager,Packplatz,2022-07-18 18:05:00,2022-07-18 19:22:00
784,Wareneingang,Hochregallager,2022-07-18 05:07:00,2022-07-18 08:42:00
247,Hochregallager,Packplatz,2022-07-18 19:34:00,2022-07-18 20:33:00
247,Wareneingang,Hochregallager,2022-07-18 06:44:00,2022-07-18 08:42:00
131,Hochregallager,Packplatz,2022-07-18 18:17:00,2022-07-18 18:35:00
131,Wareneingang,Hochregallager,2022-07-18 08:41:00,2022-07-18 11:20:00
538,Hochregallager,Packplatz,2022-07-18 13:00:00,2022-07-18 14:49:00
538,Wareneingang,Hochregallager,2022-07-18 10:31:00,2022-07-18 14:00:00
709,Hochregallager,Packplatz,2022-07-18 13:35:00,2022-07-18 17:33:00
709,Wareneingang,Hochregallager,2022-07-17 09:48:00,2022-07-17 11:51:00
198,Hochregallager,Packplatz,2022-07-18 17:32:00,2022-07-18 17:49:00
198,Wareneingang,Hochregallager,2022-07-18 12:02:00,2022-07-18 12:11:00
795,Hochregallager,Packplatz,2022-07-18 18:58:00,2022-07-18 21:41:00
795,Wareneingang,Hochregallager,2022-07-18 03:19:00,2022-07-18 06:29:00
444,Hochregallager,Packplatz,2022-07-18 17:42:00,2022-07-18 19:53:00
444,Wareneingang,Hochregallager,2022-07-18 13:04:00,2022-07-18 13:34:00
675,Hochregallager,Packplatz,2022-07-18 11:41:00,2022-07-18 14:56:00
675,Wareneingang,Hochregallager,2022-07-18 12:05:00,2022-07-18 12:43:00
670,Hochregallager,Packplatz,2022-07-18 14:22:00,2022-07-18 16:22:00
670,Wareneingang,Hochregallager,2022-07-18 13:14:00,2022-07-18 15:09:00
380,Hochregallager,Packplatz,2022-07-18 15:18:00,2022-07-18 15:48:00
380,Wareneingang,Hochregallager,2022-07-18 09:15:00,2022-07-18 12:49:00
233,Hochregallager,Packplatz,2022-07-18 11:28:00,2022-07-18 14:50:00
233,Wareneingang,Hochregallager,2022-07-18 05:28:00,2022-07-18 06:22:00
441,Hochregallager,Packplatz,2022-07-18 20:06:00,2022-07-18 20:47:00
441,Wareneingang,Hochregallager,2022-07-18 13:52:00,2022-07-18 15:19:00
751,Hochregallager,Packplatz,2022-07-18 20:44:00,2022-07-18 21:44:00
751,Wareneingang,Hochregallager,2022-07-18 07:57:00,2022-07-18 08:22:00
497,Hochregallager,Packplatz,2022-07-18 20:23:00,2022-07-18 20:30:00
497,Wareneingang,Hochregallager,2022-07-18 05:15:00,2022-07-18 07:39:00
119,Hochregallager,Packplatz,2022-07-18 21:23:00,2022-07-18 23:09:00
119,Wareneingang,Hochregallager,2022-07-18 09:48:00,2022-07-18 10:49:00
470,Hochregallager,Packplatz,2022-07-18 15:46:00,2022-07-18 16:06:00
470,Wareneingang,Hochregallager,2022-07-18 10:20:00,2022-07-18 14:17:00
361,Hochregallager,Packplatz,2022-07-18 19:28:00,2022-07-18 21:15:00
361,Wareneingang,Hochregallager,2022-07-18 08:14:00,2022-07-18 11:48:00
885,Hochregallager,Packplatz,2022-07-18 18:59:00,2022-07-18 21:58:00
885,Wareneingang,Hochregallager,2022-07-18 08:56:00,2022-07-18 11:35:00
908,Hochregallager,Packplatz,2022-07-18 21:44:00,2022-07-18 22:30:00
908,Wareneingang,Hochregallager,2022-07-18 11:56:00,2022-07-18 14:46:00
681,Hochregallager,Packplatz,2022-07-18 11:35:00,2022-07-18 15:27:00
681,Wareneingang,Hochregallager,2022-07-18 12:30:00,2022-07-18 13:54:00
495,Hochregallager,Packplatz,2022-07-18 11:25:00,2022-07-18 15:02:00
495,Wareneingang,Hochregallager,2022-07-17 11:24:00,2022-07-17 15:08:00
765,Hochregallager,Packplatz,2022-07-18 15:59:00,2022-07-18 17:31:00
765,Wareneingang,Hochregallager,2022-07-18 09:35:00,2022-07-18 13:03:00
831,Hochregallager,Packplatz,2022-07-18 20:02:00,2022-07-18 23:13:00
831,Wareneingang,Hochregallager,2022-07-18 09:53:00,2022-07-18 12:50:00
570,Hochregallager,Packplatz,2022-07-18 19:47:00,2022-07-18 20:30:00
570,Wareneingang,Hochregallager,2022-07-18 01:49:00,2022-07-18 03:08:00
128,Hochregallager,Packplatz,2022-07-18 13:26:00,2022-07-18 14:34:00
128,Wareneingang,Hochregallager,2022-07-18 17:24:00,2022-07-18 19:39:00
738,Hochregallager,Packplatz,2022-07-18 21:48:00,2022-07-19 00:37:00
738,Wareneingang,Hochregallager,2022-07-18 03:52:00,2022-07-18 05:28:00
312,Hochregallager,Packplatz,2022-07-18 20:43:00,2022-07-18 22:21:00
312,Wareneingang,Hochregallager,2022-07-18 07:00:00,2022-07-18 10:03:00
445,Hochregallager,Packplatz,2022-07-18 14:28:00,2022-07-18 16:51:00
445,Wareneingang,Hochregallager,2022-07-18 03:46:00,2022-07-18 04:40:00
998,Hochregallager,Packplatz,2022-07-18 12:40:00,2022-07-18 15:27:00
998,Wareneingang,Hochregallager,2022-07-18 07:46:00,2022-07-18 08:54:00
937,Hochregallager,Packplatz,2022-07-18 16:31:00,2022-07-18 16:47:00
937,Wareneingang,Hochregallager,2022-07-18 16:11:00,2022-07-18 18:35:00
590,Hochregallager,Packplatz,2022-07-18 15:55:00,2022-07-18 17:34:00
590,Wareneingang,Hochregallager,2022-07-18 07:41:00,2022-07-18 07:52:00
827,Hochregallager,Packplatz,2022-07-18 17:35:00,2022-07-18 21:09:00
827,Wareneingang,Hochregallager,2022-07-17 15:51:00,2022-07-17 19:34:00
535,Hochregallager,Packplatz,2022-07-18 14:09:00,2022-07-18 16:33:00
535,Wareneingang,Hochregallager,2022-07-18 08:55:00,2022-07-18 12:19:00
870,Hochregallager,Packplatz,2022-07-18 13:40:00,2022-07-18 16:26:00
870,Wareneingang,Hochregallager,2022-07-17 23:28:00,2022-07-18 00:30:00
625,Hochregallager,Packplatz,2022-07-18 11:50:00,2022-07-18 14:23:00
625,Wareneingang,Hochregallager,2022-07-18 00:52:00,2022-07-18 03:27:00
945,Hochregallager,Packplatz,2022-07-18 19:02:00,2022-07-18 21:51:00
945,Wareneingang,Hochregallager,2022-07-18 11:14:00,2022-07-18 12:46:00
712,Hochregallager,Packplatz,2022-07-18 18:00:00,2022-07-18 18:15:00
712,Wareneingang,Hochregallager,2022-07-17 15:53:00,2022-07-17 19:40:00
658,Hochregallager,Packplatz,2022-07-18 19:57:00,2022-07-18 21:54:00
658,Wareneingang,Hochregallager,2022-07-18 16:29:00,2022-07-18 18:52:00
254,Hochregallager,Packplatz,2022-07-18 16:08:00,2022-07-18 18:37:00
254,Wareneingang,Hochregallager,2022-07-18 11:14:00,2022-07-18 13:37:00
172,Hochregallager,Packplatz,2022-07-18 16:37:00,2022-07-18 18:55:00
172,Wareneingang,Hochregallager,2022-07-18 10:53:00,2022-07-18 11:37:00
796,Hochregallager,Packplatz,2022-07-18 13:00:00,2022-07-18 14:59:00
796,Wareneingang,Hochregallager,2022-07-18 06:37:00,2022-07-18 08:30:00
357,Hochregallager,Packplatz,2022-07-18 18:00:00,2022-07-18 18:17:00
357,Wareneingang,Hochregallager,2022-07-17 17:38:00,2022-07-17 19:29:00
389,Hochregallager,Packplatz,2022-07-18 14:18:00,2022-07-18 15:19:00
389,Wareneingang,Hochregallager,2022-07-18 15:31:00,2022-07-18 16:49:00
541,Hochregallager,Packplatz,2022-07-18 12:12:00,2022-07-18 13:05:00
541,Wareneingang,Hochregallager,2022-07-18 00:35:00,2022-07-18 02:20:00
248,Hochregallager,Packplatz,2022-07-18 18:09:00,2022-07-18 18:48:00
248,Wareneingang,Hochregallager,2022-07-18 12:01:00,2022-07-18 15:07:00
405,Hochregallager,Packplatz,2022-07-18 15:37:00,2022-07-18 17:21:00
405,Wareneingang,Hochregallager,2022-07-18 06:50:00,2022-07-18 09:44:00
986,Hochregallager,Packplatz,2022-07-18 15:55:00,2022-07-18 19:33:00
986,Wareneingang,Hochregallager,2022-07-18 07:39:00,2022-07-18 09:20:00
265,Hochregallager,Packplatz,2022-07-18 15:30:00,2022-07-18 19:15:00
265,Wareneingang,Hochregallager,2022-07-18 12:53:00,2022-07-18 14:17:00
700,Hochregallager,Packplatz,2022-07-18 13:36:00,2022-07-18 16:05:00
700,Wareneingang,Hochregallager,2022-07-17 19:39:00,2022-07-17 21:34:00
842,Hochregallager,Packplatz,2022-07-18 20:42:00,2022-07-18 21:39:00
842,Wareneingang,Hochregallager,2022-07-18 17:34:00,2022-07-18 18:42:00
163,Hochregallager,Packplatz,2022-07-18 18:26:00,2022-07-18 21:52:00
163,Wareneingang,Hochregallager,2022-07-18 06:03:00,2022-07-18 08:54:00
180,Hochregallager,Packplatz,2022-07-18 14:46:00,2022-07-18 17:32:00
180,Wareneingang,Hochregallager,2022-07-18 18:15:00,2022-07-18 19:37:00
612,Hochregallager,Packplatz,2022-07-18 12:42:00,2022-07-18 15:38:00
612,Wareneingang,Hochregallager,2022-07-18 14:26:00,2022-07-18 15:39:00
502,Hochregallager,Packplatz,2022-07-18 14:31:00,2022-07-18 15:26:00
502,Wareneingang,Hochregallager,2022-07-18 00:06:00,2022-07-18 03:58:00
192,Hochregallager,Packplatz,2022-07-18 14:24:00,2022-07-18 17:41:00
192,Wareneingang,Hochregallager,2022-07-18 09:11:00,2022-07-18 12:45:00
429,Hochregallager,Packplatz,2022-07-18 17:51:00,2022-07-18 21:36:00
429,Wareneingang,Hochregallager,2022-07-18 05:17:00,2022-07-18 09:12:00
484,Hochregallager,Packplatz,2022-07-18 08:50:00,2022-07-18 11:43:00
484,Wareneingang,Hochregallager,2022-07-18 09:33:00,2022-07-18 11:57:00
153,Hochregallager,Packplatz,2022-07-18 18:21:00,2022-07-18 19:54:00
153,Wareneingang,Hochregallager,2022-07-17 02:08:00,2022-07-17 04:49:00
363,Hochregallager,Packplatz,2022-07-18 11:30:00,2022-07-18 14:57:00
363,Wareneingang,Hochregallager,2022-07-18 11:17:00,2022-07-18 13:51:00
985,Hochregallager,Packplatz,2022-07-18 16:27:00,2022-07-18 18:29:00
985,Wareneingang,Hochregallager,2022-07-18 04:03:00,2022-07-18 07:37:00
630,Hochregallager,Packplatz,2022-07-18 12:34:00,2022-07-18 13:37:00
630,Wareneingang,Hochregallager,2022-07-18 11:31:00,2022-07-18 13:48:00
532,Hochregallager,Packplatz,2022-07-18 20:23:00,2022-07-18 22:06:00
532,Wareneingang,Hochregallager,2022-07-17 23:42:00,2022-07-18 03:05:00
746,Hochregallager,Packplatz,2022-07-18 10:35:00,2022-07-18 14:01:00
746,Wareneingang,Hochregallager,2022-07-18 04:03:00,2022-07-18 06:52:00
446,Hochregallager,Packplatz,2022-07-18 16:06:00,2022-07-18 17:31:00
446,Wareneingang,Hochregallager,2022-07-18 08:57:00,2022-07-18 11:13:00
776,Hochregallager,Packplatz,2022-07-18 14:51:00,2022-07-18 15:22:00
776,Wareneingang,Hochregallager,2022-07-18 08:06:00,2022-07-18 09:51:00
789,Hochregallager,Packplatz,2022-07-18 15:38:00,2022-07-18 17:56:00
789,Wareneingang,Hochregallager,2022-07-18 10:49:00,2022-07-18 13:42:00
860,Hochregallager,Packplatz,2022-07-18 13:10:00,2022-07-18 17:02:00
860,Wareneingang,Hochregallager,2022-07-18 09:34:00,2022-07-18 12:41:00
635,Hochregallager,Packplatz,2022-07-18 13:41:00,2022-07-18 17:20:00
635,Wareneingang,Hochregallager,2022-07-18 08:36:00,2022-07-18 11:04:00
259,Hochregallager,Packplatz,2022-07-18 13:51:00,2022-07-18 16:04:00
259,Wareneingang,Hochregallager,2022-07-18 12:51:00,2022-07-18 14:55:00
253,Hochregallager,Packplatz,2022-07-18 16:22:00,2022-07-18 16:42:00
253,Wareneingang,Hochregallager,2022-07-18 02:20:00,2022-07-18 05:32:00
175,Hochregallager,Packplatz,2022-07-18 22:09:00,2022-07-18 22:56:00
175,Wareneingang,Hochregallager,2022-07-18 03:47:00,2022-07-18 06:51:00
585,Hochregallager,Packplatz,2022-07-18 12:57:00,2022-07-18 16:24:00
585,Wareneingang,Hochregallager,2022-07-18 08:25:00,2022-07-18 12:17:00
212,Hochregallager,Packplatz,2022-07-18 16:54:00,2022-07-18 16:59:00
212,Wareneingang,Hochregallager,2022-07-18 04:27:00,2022-07-18 06:27:00
407,Hochregallager,Packplatz,2022-07-18 17:24:00,2022-07-18 19:08:00
407,Wareneingang,Hochregallager,2022-07-18 02:31:00,2022-07-18 04:45:00
603,Hochregallager,Packplatz,2022-07-18 11:42:00,2022-07-18 14:07:00
603,Wareneingang,Hochregallager,2022-07-18 12:31:00,2022-07-18 13:16:00
791,Hochregallager,Packplatz,2022-07-18 12:20:00,2022-07-18 16:05:00
791,Wareneingang,Hochregallager,2022-07-18 12:01:00,2022-07-18 13:58:00
346,Hochregallager,Packplatz,2022-07-18 17:32:00,2022-07-18 18:28:00
346,Wareneingang,Hochregallager,2022-07-18 13:27:00,2022-07-18 13:30:00
374,Hochregallager,Packplatz,2022-07-18 14:24:00,2022-07-18 15:03:00
374,Wareneingang,Hochregallager,2022-07-18 08:00:00,2022-07-18 11:00:00
287,Hochregallager,Packplatz,2022-07-18 13:36:00,2022-07-18 16:33:00
287,Wareneingang,Hochregallager,2022-07-18 08:13:00,2022-07-18 11:47:00
782,Hochregallager,Packplatz,2022-07-18 18:43:00,2022-07-18 19:05:00
782,Wareneingang,Hochregallager,2022-07-18 09:55:00,2022-07-18 10:44:00
289,Hochregallager,Packplatz,2022-07-18 17:15:00,2022-07-18 20:10:00
289,Wareneingang,Hochregallager,2022-07-18 11:11:00,2022-07-18 13:35:00
257,Hochregallager,Packplatz,2022-07-18 13:55:00,2022-07-18 14:45:00
257,Wareneingang,Hochregallager,2022-07-18 08:57:00,2022-07-18 11:12:00
633,Hochregallager,Packplatz,2022-07-18 13:59:00,2022-07-18 14:17:00
633,Wareneingang,Hochregallager,2022-07-18 15:57:00,2022-07-18 17:16:00
150,Hochregallager,Packplatz,2022-07-18 17:38:00,2022-07-18 21:07:00
150,Wareneingang,Hochregallager,2022-07-17 20:15:00,2022-07-17 23:29:00
577,Hochregallager,Packplatz,2022-07-18 17:00:00,2022-07-18 20:01:00
577,Wareneingang,Hochregallager,2022-07-18 10:02:00,2022-07-18 13:07:00
823,Hochregallager,Packplatz,2022-07-18 14:54:00,2022-07-18 17:42:00
823,Wareneingang,Hochregallager,2022-07-18 06:03:00,2022-07-18 09:27:00
736,Hochregallager,Packplatz,2022-07-18 14:31:00,2022-07-18 18:05:00
736,Wareneingang,Hochregallager,2022-07-18 16:41:00,2022-07-18 17:15:00
995,Hochregallager,Packplatz,2022-07-18 20:25:00,2022-07-18 20:28:00
995,Wareneingang,Hochregallager,2022-07-17 23:40:00,2022-07-18 01:59:00
725,Hochregallager,Packplatz,2022-07-18 15:04:00,2022-07-18 19:02:00
725,Wareneingang,Hochregallager,2022-07-18 09:52:00,2022-07-18 12:33:00
810,Hochregallager,Packplatz,2022-07-18 15:11:00,2022-07-18 17:55:00
810,Wareneingang,Hochregallager,2022-07-18 07:00:00,2022-07-18 10:00:00
662,Hochregallager,Packplatz,2022-07-18 15:32:00,2022-07-18 17:50:00
662,Wareneingang,Hochregallager,2022-07-18 00:26:00,2022-07-18 04:05:00
256,Hochregallager,Packplatz,2022-07-18 17:15:00,2022-07-18 18:11:00
256,Wareneingang,Hochregallager,2022-07-18 06:40:00,2022-07-18 06:53:00
762,Hochregallager,Packplatz,2022-07-18 13:58:00,2022-07-18 17:56:00
762,Wareneingang,Hochregallager,2022-07-17 15:00:00,2022-07-17 15:58:00
834,Hochregallager,Packplatz,2022-07-18 15:43:00,2022-07-18 16:52:00
834,Wareneingang,Hochregallager,2022-07-18 14:51:00,2022-07-18 16:17:00
996,Hochregallager,Packplatz,2022-07-18 18:00:00,2022-07-18 20:00:00
996,Wareneingang,Hochregallager,2022-07-18 07:55:00,2022-07-18 10:24:00
639,Hochregallager,Packplatz,2022-07-18 10:31:00,2022-07-18 14:25:00
639,Wareneingang,Hochregallager,2022-07-18 07:04:00,2022-07-18 10:53:00
912,Hochregallager,Packplatz,2022-07-18 12:49:00,2022-07-18 16:30:00
912,Wareneingang,Hochregallager,2022-07-18 11:00:00,2022-07-18 14:41:00
286,Hochregallager,Packplatz,2022-07-18 13:02:00,2022-07-18 15:30:00
286,Wareneingang,Hochregallager,2022-07-18 16:17:00,2022-07-18 17:51:00
310,Hochregallager,Packplatz,2022-07-18 14:19:00,2022-07-18 15:16:00
310,Wareneingang,Hochregallager,2022-07-18 13:31:00,2022-07-18 15:03:00
957,Hochregallager,Packplatz,2022-07-18 16:47:00,2022-07-18 19:27:00
957,Wareneingang,Hochregallager,2022-07-18 12:30:00,2022-07-18 14:03:00
184,Hochregallager,Packplatz,2022-07-18 15:13:00,2022-07-18 16:18:00
184,Wareneingang,Hochregallager,2022-07-18 00:20:00,2022-07-18 01:42:00
942,Hochregallager,Packplatz,2022-07-18 12:46:00,2022-07-18 14:28:00
942,Wareneingang,Hochregallager,2022-07-18 15:19:00,2022-07-18 16:31:00
368,Hochregallager,Packplatz,2022-07-18 10:29:00,2022-07-18 14:19:00
368,Wareneingang,Hochregallager,2022-07-18 12:27:00,2022-07-18 12:46:00
980,Hochregallager,Packplatz,2022-07-18 17:00:00,2022-07-18 17:48:00
980,Wareneingang,Hochregallager,2022-07-18 12:17:00,2022-07-18 14:48:00
932,Hochregallager,Packplatz,2022-07-18 18:44:00,2022-07-18 19:27:00
932,Wareneingang,Hochregallager,2022-07-18 12:13:00,2022-07-18 12:41:00
458,Hochregallager,Packplatz,2022-07-18 14:04:00,2022-07-18 15:07:00
458,Wareneingang,Hochregallager,2022-07-18 16:35:00,2022-07-18 16:37:00
183,Hochregallager,Packplatz,2022-07-18 15:17:00,2022-07-18 17:31:00
183,Wareneingang,Hochregallager,2022-07-18 10:22:00,2022-07-18 13:23:00
749,Hochregallager,Packplatz,2022-07-18 12:05:00,2022-07-18 14:39:00
749,Wareneingang,Hochregallager,2022-07-18 14:55:00,2022-07-18 15:37:00
207,Hochregallager,Packplatz,2022-07-18 16:12:00,2022-07-18 18:13:00
207,Wareneingang,Hochregallager,2022-07-17 23:59:00,2022-07-18 02:03:00
294,Hochregallager,Packplatz,2022-07-18 14:52:00,2022-07-18 16:31:00
294,Wareneingang,Hochregallager,2022-07-18 11:42:00,2022-07-18 12:27:00
379,Hochregallager,Packplatz,2022-07-18 18:52:00,2022-07-18 19:47:00
379,Wareneingang,Hochregallager,2022-07-18 13:54:00,2022-07-18 17:19:00
267,Hochregallager,Packplatz,2022-07-18 17:20:00,2022-07-18 20:21:00
267,Wareneingang,Hochregallager,2022-07-18 05:48:00,2022-07-18 09:31:00
742,Hochregallager,Packplatz,2022-07-18 15:58:00,2022-07-18 18:19:00
742,Wareneingang,Hochregallager,2022-07-18 16:08:00,2022-07-18 19:50:00
606,Hochregallager,Packplatz,2022-07-18 16:46:00,2022-07-18 18:36:00
606,Wareneingang,Hochregallager,2022-07-18 14:30:00,2022-07-18 15:17:00
501,Hochregallager,Packplatz,2022-07-18 15:30:00,2022-07-18 19:12:00
501,Wareneingang,Hochregallager,2022-07-18 08:37:00,2022-07-18 12:26:00
690,Hochregallager,Packplatz,2022-07-18 13:58:00,2022-07-18 17:11:00
690,Wareneingang,Hochregallager,2022-07-17 22:50:00,2022-07-18 02:35:00
520,Hochregallager,Packplatz,2022-07-18 19:40:00,2022-07-18 20:26:00
520,Wareneingang,Hochregallager,2022-07-18 07:57:00,2022-07-18 09:22:00
659,Hochregallager,Packplatz,2022-07-18 12:29:00,2022-07-18 15:14:00
659,Wareneingang,Hochregallager,2022-07-18 08:26:00,2022-07-18 12:17:00
660,Hochregallager,Packplatz,2022-07-18 15:58:00,2022-07-18 16:20:00
660,Wareneingang,Hochregallager,2022-07-18 12:49:00,2022-07-18 14:10:00
720,Hochregallager,Packplatz,2022-07-18 16:01:00,2022-07-18 17:34:00
720,Wareneingang,Hochregallager,2022-07-18 06:43:00,2022-07-18 07:37:00
199,Hochregallager,Packplatz,2022-07-18 07:42:00,2022-07-18 11:42:00
199,Wareneingang,Hochregallager,2022-07-18 07:02:00,2022-07-18 09:22:00
598,Hochregallager,Packplatz,2022-07-18 15:12:00,2022-07-18 17:13:00
598,Wareneingang,Hochregallager,2022-07-18 10:30:00,2022-07-18 11:59:00
453,Hochregallager,Packplatz,2022-07-18 14:18:00,2022-07-18 17:25:00
453,Wareneingang,Hochregallager,2022-07-18 14:29:00,2022-07-18 14:44:00
306,Hochregallager,Packplatz,2022-07-18 21:25:00,2022-07-18 21:33:00
306,Wareneingang,Hochregallager,2022-07-18 06:49:00,2022-07-18 10:19:00
108,Hochregallager,Packplatz,2022-07-18 15:16:00,2022-07-18 16:29:00
108,Wareneingang,Hochregallager,2022-07-18 03:45:00,2022-07-18 06:21:00
876,Hochregallager,Packplatz,2022-07-18 19:10:00,2022-07-18 20:15:00
876,Wareneingang,Hochregallager,2022-07-18 06:08:00,2022-07-18 07:51:00
976,Hochregallager,Packplatz,2022-07-18 12:19:00,2022-07-18 15:46:00
976,Wareneingang,Hochregallager,2022-07-18 02:46:00,2022-07-18 03:34:00
836,Hochregallager,Packplatz,2022-07-18 12:15:00,2022-07-18 16:13:00
836,Wareneingang,Hochregallager,2022-07-18 11:46:00,2022-07-18 13:32:00
134,Hochregallager,Packplatz,2022-07-18 17:17:00,2022-07-18 18:28:00
134,Wareneingang,Hochregallager,2022-07-18 06:56:00,2022-07-18 10:44:00
880,Hochregallager,Packplatz,2022-07-18 11:13:00,2022-07-18 13:50:00
880,Wareneingang,Hochregallager,2022-07-18 09:28:00,2022-07-18 11:52:00
316,Hochregallager,Packplatz,2022-07-18 16:07:00,2022-07-18 16:32:00
316,Wareneingang,Hochregallager,2022-07-18 04:57:00,2022-07-18 07:49:00
225,Hochregallager,Packplatz,2022-07-18 13:23:00,2022-07-18 16:01:00
225,Wareneingang,Hochregallager,2022-07-18 11:39:00,2022-07-18 13:28:00
868,Hochregallager,Packplatz,2022-07-18 15:16:00,2022-07-18 18:54:00
868,Wareneingang,Hochregallager,2022-07-18 09:38:00,2022-07-18 09:48:00
359,Hochregallager,Packplatz,2022-07-18 19:48:00,2022-07-18 20:15:00
359,Wareneingang,Hochregallager,2022-07-18 18:07:00,2022-07-18 20:02:00
473,Hochregallager,Packplatz,2022-07-18 17:28:00,2022-07-18 18:34:00
473,Wareneingang,Hochregallager,2022-07-18 03:08:00,2022-07-18 04:36:00
135,Hochregallager,Packplatz,2022-07-18 15:57:00,2022-07-18 19:18:00
135,Wareneingang,Hochregallager,2022-07-18 11:27:00,2022-07-18 12:53:00
527,Hochregallager,Packplatz,2022-07-18 15:54:00,2022-07-18 16:50:00
527,Wareneingang,Hochregallager,2022-07-18 09:51:00,2022-07-18 10:53:00
102,Hochregallager,Packplatz,2022-07-18 13:48:00,2022-07-18 16:44:00
102,Wareneingang,Hochregallager,2022-07-18 13:58:00,2022-07-18 17:41:00
418,Hochregallager,Packplatz,2022-07-18 13:42:00,2022-07-18 15:10:00
418,Wareneingang,Hochregallager,2022-07-18 02:47:00,2022-07-18 06:17:00
117,Hochregallager,Packplatz,2022-07-18 15:53:00,2022-07-18 17:46:00
117,Wareneingang,Hochregallager,2022-07-18 17:53:00,2022-07-18 19:39:00
161,Hochregallager,Packplatz,2022-07-18 14:51:00,2022-07-18 17:13:00
161,Wareneingang,Hochregallager,2022-07-18 15:57:00,2022-07-18 17:48:00
507,Hochregallager,Packplatz,2022-07-18 19:22:00,2022-07-18 20:07:00
507,Wareneingang,Hochregallager,2022-07-18 19:28:00,2022-07-18 20:09:00
983,Hochregallager,Packplatz,2022-07-18 16:31:00,2022-07-18 16:40:00
983,Wareneingang,Hochregallager,2022-07-18 08:36:00,2022-07-18 11:13:00
439,Hochregallager,Packplatz,2022-07-18 20:49:00,2022-07-18 22:47:00
439,Wareneingang,Hochregallager,2022-07-18 11:51:00,2022-07-18 15:51:00
684,Hochregallager,Packplatz,2022-07-18 17:00:00,2022-07-18 17:52:00
684,Wareneingang,Hochregallager,2022-07-18 16:20:00,2022-07-18 19:13:00
977,Hochregallager,Packplatz,2022-07-18 16:58:00,2022-07-18 18:35:00
977,Wareneingang,Hochregallager,2022-07-18 02:30:00,2022-07-18 03:09:00
936,Hochregallager,Packplatz,2022-07-18 12:28:00,2022-07-18 13:39:00
936,Wareneingang,Hochregallager,2022-07-18 08:09:00,2022-07-18 09:29:00
864,Hochregallager,Packplatz,2022-07-18 11:33:00,2022-07-18 14:12:00
864,Wareneingang,Hochregallager,2022-07-18 04:34:00,2022-07-18 05:56:00
790,Hochregallager,Packplatz,2022-07-18 17:56:00,2022-07-18 18:12:00
790,Wareneingang,Hochregallager,2022-07-18 09:20:00,2022-07-18 09:43:00
546,Hochregallager,Packplatz,2022-07-18 17:34:00,2022-07-18 17:39:00
546,Wareneingang,Hochregallager,2022-07-18 10:48:00,2022-07-18 13:07:00
982,Hochregallager,Packplatz,2022-07-18 11:59:00,2022-07-18 14:25:00
982,Wareneingang,Hochregallager,2022-07-18 07:15:00,2022-07-18 09:25:00
329,Hochregallager,Packplatz,2022-07-18 20:27:00,2022-07-18 20:51:00
329,Wareneingang,Hochregallager,2022-07-17 18:11:00,2022-07-17 20:37:00
797,Hochregallager,Packplatz,2022-07-18 22:14:00,2022-07-18 22:48:00
797,Wareneingang,Hochregallager,2022-07-18 01:51:00,2022-07-18 05:33:00
545,Hochregallager,Packplatz,2022-07-18 13:23:00,2022-07-18 15:32:00
545,Wareneingang,Hochregallager,2022-07-18 11:51:00,2022-07-18 13:44:00
923,Hochregallager,Packplatz,2022-07-18 13:49:00,2022-07-18 16:31:00
923,Wareneingang,Hochregallager,2022-07-18 15:53:00,2022-07-18 16:19:00
315,Hochregallager,Packplatz,2022-07-18 14:23:00,2022-07-18 15:56:00
315,Wareneingang,Hochregallager,2022-07-18 09:56:00,2022-07-18 12:01:00
889,Hochregallager,Packplatz,2022-07-18 16:36:00,2022-07-18 19:35:00
889,Wareneingang,Hochregallager,2022-07-18 01:08:00,2022-07-18 01:37:00
454,Hochregallager,Packplatz,2022-07-18 12:56:00,2022-07-18 16:19:00
454,Wareneingang,Hochregallager,2022-07-18 02:54:00,2022-07-18 05:51:00
271,Hochregallager,Packplatz,2022-07-18 21:47:00,2022-07-18 23:09:00
271,Wareneingang,Hochregallager,2022-07-18 13:30:00,2022-07-18 15:15:00
540,Hochregallager,Packplatz,2022-07-18 15:10:00,2022-07-18 15:56:00
540,Wareneingang,Hochregallager,2022-07-18 11:15:00,2022-07-18 14:40:00
463,Hochregallager,Packplatz,2022-07-18 13:34:00,2022-07-18 17:00:00
463,Wareneingang,Hochregallager,2022-07-18 08:30:00,2022-07-18 12:09:00
750,Hochregallager,Packplatz,2022-07-18 20:24:00,2022-07-18 20:29:00
750,Wareneingang,Hochregallager,2022-07-18 07:59:00,2022-07-18 08:42:00
382,Hochregallager,Packplatz,2022-07-18 17:28:00,2022-07-18 20:59:00
382,Wareneingang,Hochregallager,2022-07-18 10:31:00,2022-07-18 11:10:00
562,Hochregallager,Packplatz,2022-07-18 13:38:00,2022-07-18 14:29:00
562,Wareneingang,Hochregallager,2022-07-18 16:54:00,2022-07-18 17:39:00
270,Hochregallager,Packplatz,2022-07-18 18:39:00,2022-07-18 18:50:00
270,Wareneingang,Hochregallager,2022-07-18 00:44:00,2022-07-18 02:12:00
809,Hochregallager,Packplatz,2022-07-18 16:33:00,2022-07-18 18:14:00
809,Wareneingang,Hochregallager,2022-07-18 03:46:00,2022-07-18 07:27:00
472,Hochregallager,Packplatz,2022-07-18 16:20:00,2022-07-18 18:17:00
472,Wareneingang,Hochregallager,2022-07-18 08:32:00,2022-07-18 10:05:00
862,Hochregallager,Packplatz,2022-07-18 15:47:00,2022-07-18 16:24:00
862,Wareneingang,Hochregallager,2022-07-18 03:49:00,2022-07-18 05:18:00
372,Hochregallager,Packplatz,2022-07-18 15:44:00,2022-07-18 17:54:00
372,Wareneingang,Hochregallager,2022-07-18 14:23:00,2022-07-18 15:30:00
640,Hochregallager,Packplatz,2022-07-18 18:00:00,2022-07-18 19:19:00
640,Wareneingang,Hochregallager,2022-07-18 11:43:00,2022-07-18 14:51:00
226,Hochregallager,Packplatz,2022-07-18 15:37:00,2022-07-18 16:45:00
226,Wareneingang,Hochregallager,2022-07-18 13:26:00,2022-07-18 16:21:00
627,Hochregallager,Packplatz,2022-07-18 14:55:00,2022-07-18 17:21:00
627,Wareneingang,Hochregallager,2022-07-18 05:42:00,2022-07-18 06:14:00
737,Hochregallager,Packplatz,2022-07-18 21:58:00,2022-07-18 23:16:00
737,Wareneingang,Hochregallager,2022-07-18 11:29:00,2022-07-18 12:30:00
835,Hochregallager,Packplatz,2022-07-18 14:43:00,2022-07-18 17:02:00
835,Wareneingang,Hochregallager,2022-07-17 17:34:00,2022-07-17 19:11:00
931,Hochregallager,Packplatz,2022-07-18 19:08:00,2022-07-18 20:36:00
931,Wareneingang,Hochregallager,2022-07-18 14:22:00,2022-07-18 17:35:00
595,Hochregallager,Packplatz,2022-07-18 15:49:00,2022-07-18 19:25:00
595,Wareneingang,Hochregallager,2022-07-18 01:11:00,2022-07-18 05:01:00
344,Hochregallager,Packplatz,2022-07-18 16:38:00,2022-07-18 19:56:00
344,Wareneingang,Hochregallager,2022-07-18 17:04:00,2022-07-18 17:41:00
268,Hochregallager,Packplatz,2022-07-18 19:44:00,2022-07-18 22:22:00
268,Wareneingang,Hochregallager,2022-07-17 21:53:00,2022-07-18 00:16:00
235,Hochregallager,Packplatz,2022-07-18 20:07:00,2022-07-18 21:33:00
235,Wareneingang,Hochregallager,2022-07-18 15:12:00,2022-07-18 16:07:00
873,Hochregallager,Packplatz,2022-07-18 15:22:00,2022-07-18 15:49:00
873,Wareneingang,Hochregallager,2022-07-18 12:03:00,2022-07-18 12:18:00
127,Hochregallager,Packplatz,2022-07-18 14:50:00,2022-07-18 17:02:00
127,Wareneingang,Hochregallager,2022-07-18 16:52:00,2022-07-18 18:38:00
693,Hochregallager,Packplatz,2022-07-18 12:24:00,2022-07-18 13:31:00
693,Wareneingang,Hochregallager,2022-07-18 13:20:00,2022-07-18 15:01:00
193,Hochregallager,Packplatz,2022-07-18 15:05:00,2022-07-18 16:04:00
193,Wareneingang,Hochregallager,2022-07-18 01:11:00,2022-07-18 04:51:00
255,Hochregallager,Packplatz,2022-07-18 16:40:00,2022-07-18 19:58:00
255,Wareneingang,Hochregallager,2022-07-18 17:56:00,2022-07-18 18:47:00
377,Hochregallager,Packplatz,2022-07-18 13:22:00,2022-07-18 14:42:00
377,Wareneingang,Hochregallager,2022-07-18 02:24:00,2022-07-18 02:32:00
767,Hochregallager,Packplatz,2022-07-18 17:17:00,2022-07-18 18:18:00
767,Wareneingang,Hochregallager,2022-07-18 14:09:00,2022-07-18 14:14:00
717,Hochregallager,Packplatz,2022-07-18 14:20:00,2022-07-18 15:59:00
717,Wareneingang,Hochregallager,2022-07-18 13:45:00,2022-07-18 15:23:00
678,Hochregallager,Packplatz,2022-07-18 19:47:00,2022-07-18 20:17:00
678,Wareneingang,Hochregallager,2022-07-18 10:33:00,2022-07-18 13:02:00
447,Hochregallager,Packplatz,2022-07-18 17:17:00,2022-07-18 20:41:00
447,Wareneingang,Hochregallager,2022-07-17 22:31:00,2022-07-18 01:00:00
735,Hochregallager,Packplatz,2022-07-18 19:21:00,2022-07-18 22:47:00
735,Wareneingang,Hochregallager,2022-07-18 04:02:00,2022-07-18 05:03:00
730,Hochregallager,Packplatz,2022-07-18 17:17:00,2022-07-18 19:36:00
730,Wareneingang,Hochregallager,2022-07-18 10:33:00,2022-07-18 12:43:00
179,Hochregallager,Packplatz,2022-07-18 13:38:00,2022-07-18 15:32:00
179,Wareneingang,Hochregallager,2022-07-18 09:27:00,2022-07-18 11:45:00
611,Hochregallager,Packplatz,2022-07-18 19:21:00,2022-07-18 19:33:00
611,Wareneingang,Hochregallager,2022-07-18 11:48:00,2022-07-18 12:31:00
170,Hochregallager,Packplatz,2022-07-18 12:24:00,2022-07-18 16:22:00
170,Wareneingang,Hochregallager,2022-07-18 07:34:00,2022-07-18 07:36:00
686,Hochregallager,Packplatz,2022-07-18 18:31:00,2022-07-18 19:35:00
686,Wareneingang,Hochregallager,2022-07-18 13:19:00,2022-07-18 14:38:00
518,Hochregallager,Packplatz,2022-07-18 18:09:00,2022-07-18 18:21:00
518,Wareneingang,Hochregallager,2022-07-18 11:22:00,2022-07-18 15:11:00
596,Hochregallager,Packplatz,2022-07-18 16:00:00,2022-07-18 19:26:00
596,Wareneingang,Hochregallager,2022-07-18 03:48:00,2022-07-18 03:57:00
731,Hochregallager,Packplatz,2022-07-18 15:19:00,2022-07-18 16:16:00
731,Wareneingang,Hochregallager,2022-07-18 04:23:00,2022-07-18 05:53:00
628,Hochregallager,Packplatz,2022-07-18 18:24:00,2022-07-18 20:42:00
628,Wareneingang,Hochregallager,2022-07-18 11:36:00,2022-07-18 11:57:00
999,Hochregallager,Packplatz,2022-07-18 13:06:00,2022-07-18 16:24:00
999,Wareneingang,Hochregallager,2022-07-18 10:25:00,2022-07-18 12:57:00
384,Hochregallager,Packplatz,2022-07-18 17:05:00,2022-07-18 18:06:00
384,Wareneingang,Hochregallager,2022-07-18 14:47:00,2022-07-18 18:16:00
934,Hochregallager,Packplatz,2022-07-18 18:48:00,2022-07-18 19:05:00
934,Wareneingang,Hochregallager,2022-07-18 02:11:00,2022-07-18 02:45:00
955,Hochregallager,Packplatz,2022-07-18 15:47:00,2022-07-18 18:37:00
955,Wareneingang,Hochregallager,2022-07-18 11:44:00,2022-07-18 12:42:00
575,Hochregallager,Packplatz,2022-07-18 17:06:00,2022-07-18 18:46:00
575,Wareneingang,Hochregallager,2022-07-17 21:53:00,2022-07-18 00:09:00
202,Hochregallager,Packplatz,2022-07-18 16:12:00,2022-07-18 16:31:00
202,Wareneingang,Hochregallager,2022-07-18 15:14:00,2022-07-18 18:09:00
967,Hochregallager,Packplatz,2022-07-18 17:09:00,2022-07-18 18:01:00
967,Wareneingang,Hochregallager,2022-07-18 07:11:00,2022-07-18 09:31:00
966,Hochregallager,Packplatz,2022-07-18 17:34:00,2022-07-18 17:48:00
966,Wareneingang,Hochregallager,2022-07-17 06:51:00,2022-07-17 09:25:00
741,Hochregallager,Packplatz,2022-07-18 18:04:00,2022-07-18 19:43:00
741,Wareneingang,Hochregallager,2022-07-18 10:03:00,2022-07-18 14:02:00
341,Hochregallager,Packplatz,2022-07-18 19:59:00,2022-07-18 20:36:00
341,Wareneingang,Hochregallager,2022-07-18 07:14:00,2022-07-18 09:13:00
273,Hochregallager,Packplatz,2022-07-18 14:08:00,2022-07-18 15:43:00
273,Wareneingang,Hochregallager,2022-07-18 05:50:00,2022-07-18 06:23:00
496,Hochregallager,Packplatz,2022-07-18 23:48:00,2022-07-19 00:05:00
496,Wareneingang,Hochregallager,2022-07-18 05:21:00,2022-07-18 08:00:00
231,Hochregallager,Packplatz,2022-07-18 19:08:00,2022-07-18 20:02:00
231,Wareneingang,Hochregallager,2022-07-18 09:55:00,2022-07-18 11:45:00
830,Hochregallager,Packplatz,2022-07-18 16:59:00,2022-07-18 18:46:00
830,Wareneingang,Hochregallager,2022-07-18 01:13:00,2022-07-18 02:15:00
801,Hochregallager,Packplatz,2022-07-18 14:45:00,2022-07-18 17:41:00
801,Wareneingang,Hochregallager,2022-07-18 08:59:00,2022-07-18 11:45:00
200,Hochregallager,Packplatz,2022-07-18 16:56:00,2022-07-18 19:09:00
200,Wareneingang,Hochregallager,2022-07-18 01:49:00,2022-07-18 02:53:00
428,Hochregallager,Packplatz,2022-07-18 19:47:00,2022-07-18 20:52:00
428,Wareneingang,Hochregallager,2022-07-18 11:22:00,2022-07-18 13:26:00
884,Hochregallager,Packplatz,2022-07-18 17:30:00,2022-07-18 21:20:00
884,Wareneingang,Hochregallager,2022-07-18 10:03:00,2022-07-18 12:44:00
754,Hochregallager,Packplatz,2022-07-18 16:55:00,2022-07-18 19:33:00
754,Wareneingang,Hochregallager,2022-07-18 13:13:00,2022-07-18 14:29:00
668,Hochregallager,Packplatz,2022-07-18 17:25:00,2022-07-18 18:25:00
668,Wareneingang,Hochregallager,2022-07-18 11:23:00,2022-07-18 11:30:00
460,Hochregallager,Packplatz,2022-07-18 14:54:00,2022-07-18 18:33:00
460,Wareneingang,Hochregallager,2022-07-18 09:25:00,2022-07-18 09:34:00
764,Hochregallager,Packplatz,2022-07-18 17:44:00,2022-07-18 18:03:00
764,Wareneingang,Hochregallager,2022-07-18 17:26:00,2022-07-18 19:08:00
462,Hochregallager,Packplatz,2022-07-18 13:31:00,2022-07-18 17:12:00
462,Wareneingang,Hochregallager,2022-07-18 03:15:00,2022-07-18 03:24:00
798,Hochregallager,Packplatz,2022-07-18 16:42:00,2022-07-18 19:21:00
798,Wareneingang,Hochregallager,2022-07-18 13:47:00,2022-07-18 15:09:00
251,Hochregallager,Packplatz,2022-07-18 15:59:00,2022-07-18 17:59:00
251,Wareneingang,Hochregallager,2022-07-18 14:26:00,2022-07-18 17:31:00
701,Hochregallager,Packplatz,2022-07-18 17:52:00,2022-07-18 18:10:00
701,Wareneingang,Hochregallager,2022-07-18 06:56:00,2022-07-18 10:11:00
896,Hochregallager,Packplatz,2022-07-18 19:28:00,2022-07-18 21:21:00
896,Wareneingang,Hochregallager,2022-07-18 17:02:00,2022-07-18 18:38:00
362,Hochregallager,Packplatz,2022-07-18 17:25:00,2022-07-18 18:55:00
362,Wareneingang,Hochregallager,2022-07-18 05:59:00,2022-07-18 06:56:00
929,Hochregallager,Packplatz,2022-07-18 13:53:00,2022-07-18 16:56:00
929,Wareneingang,Hochregallager,2022-07-18 13:17:00,2022-07-18 16:48:00
512,Hochregallager,Packplatz,2022-07-18 13:15:00,2022-07-18 17:11:00
512,Wareneingang,Hochregallager,2022-07-18 08:46:00,2022-07-18 11:21:00
403,Hochregallager,Packplatz,2022-07-18 17:27:00,2022-07-18 18:24:00
403,Wareneingang,Hochregallager,2022-07-18 08:30:00,2022-07-18 08:57:00
965,Hochregallager,Packplatz,2022-07-18 17:09:00,2022-07-18 17:31:00
965,Wareneingang,Hochregallager,2022-07-18 03:11:00,2022-07-18 06:14:00
345,Hochregallager,Packplatz,2022-07-18 13:52:00,2022-07-18 14:45:00
345,Wareneingang,Hochregallager,2022-07-17 21:44:00,2022-07-18 01:24:00
227,Hochregallager,Packplatz,2022-07-18 17:50:00,2022-07-18 20:12:00
227,Wareneingang,Hochregallager,2022-07-18 18:14:00,2022-07-18 18:50:00
683,Hochregallager,Packplatz,2022-07-18 15:29:00,2022-07-18 16:49:00
683,Wareneingang,Hochregallager,2022-07-18 18:01:00,2022-07-18 18:14:00
975,Hochregallager,Packplatz,2022-07-18 22:05:00,2022-07-18 23:16:00
975,Wareneingang,Hochregallager,2022-07-18 01:15:00,2022-07-18 02:38:00
246,Hochregallager,Packplatz,2022-07-18 13:04:00,2022-07-18 16:14:00
246,Wareneingang,Hochregallager,2022-07-18 14:45:00,2022-07-18 18:10:00
879,Hochregallager,Packplatz,2022-07-18 18:03:00,2022-07-18 18:57:00
879,Wareneingang,Hochregallager,2022-07-18 10:42:00,2022-07-18 11:44:00
667,Hochregallager,Packplatz,2022-07-18 14:50:00,2022-07-18 17:26:00
667,Wareneingang,Hochregallager,2022-07-18 05:22:00,2022-07-18 07:25:00
644,Hochregallager,Packplatz,2022-07-18 19:17:00,2022-07-18 19:38:00
644,Wareneingang,Hochregallager,2022-07-18 02:50:00,2022-07-18 04:47:00
133,Hochregallager,Packplatz,2022-07-18 10:13:00,2022-07-18 14:02:00
133,Wareneingang,Hochregallager,2022-07-18 03:19:00,2022-07-18 07:19:00
105,Hochregallager,Packplatz,2022-07-18 22:44:00,2022-07-18 23:56:00
105,Wareneingang,Hochregallager,2022-07-18 14:57:00,2022-07-18 15:10:00
990,Hochregallager,Packplatz,2022-07-18 22:26:00,2022-07-18 23:02:00
990,Wareneingang,Hochregallager,2022-07-17 13:09:00,2022-07-17 14:54:00
946,Hochregallager,Packplatz,2022-07-18 18:24:00,2022-07-18 19:36:00
946,Wareneingang,Hochregallager,2022-07-18 06:36:00,2022-07-18 07:23:00
853,Hochregallager,Packplatz,2022-07-18 10:17:00,2022-07-18 13:38:00
853,Wareneingang,Hochregallager,2022-07-18 08:32:00,2022-07-18 11:14:00
899,Hochregallager,Packplatz,2022-07-18 16:47:00,2022-07-18 19:35:00
899,Wareneingang,Hochregallager,2022-07-17 21:08:00,2022-07-17 21:47:00
112,Hochregallager,Packplatz,2022-07-18 15:22:00,2022-07-18 16:49:00
112,Wareneingang,Hochregallager,2022-07-18 14:59:00,2022-07-18 15:18:00
187,Hochregallager,Packplatz,2022-07-18 18:36:00,2022-07-18 19:04:00
187,Wareneingang,Hochregallager,2022-07-18 09:37:00,2022-07-18 09:44:00
548,Hochregallager,Packplatz,2022-07-18 18:50:00,2022-07-18 22:01:00
548,Wareneingang,Hochregallager,2022-07-18 00:27:00,2022-07-18 00:38:00
647,Hochregallager,Packplatz,2022-07-18 14:10:00,2022-07-18 15:24:00
647,Wareneingang,Hochregallager,2022-07-18 06:28:00,2022-07-18 09:21:00
904,Hochregallager,Packplatz,2022-07-18 10:35:00,2022-07-18 13:55:00
904,Wareneingang,Hochregallager,2022-07-18 15:43:00,2022-07-18 16:59:00
290,Hochregallager,Packplatz,2022-07-18 18:29:00,2022-07-18 19:49:00
290,Wareneingang,Hochregallager,2022-07-18 15:44:00,2022-07-18 16:27:00
952,Hochregallager,Packplatz,2022-07-18 11:02:00,2022-07-18 14:34:00
952,Wareneingang,Hochregallager,2022-07-18 16:56:00,2022-07-18 17:17:00
348,Hochregallager,Packplatz,2022-07-18 15:08:00,2022-07-18 16:14:00
348,Wareneingang,Hochregallager,2022-07-18 07:22:00,2022-07-18 09:02:00
456,Hochregallager,Packplatz,2022-07-18 20:03:00,2022-07-18 22:16:00
456,Wareneingang,Hochregallager,2022-07-18 07:57:00,2022-07-18 09:02:00
442,Hochregallager,Packplatz,2022-07-18 15:43:00,2022-07-18 19:11:00
442,Wareneingang,Hochregallager,2022-07-18 07:43:00,2022-07-18 11:25:00
732,Hochregallager,Packplatz,2022-07-18 18:02:00,2022-07-18 19:54:00
732,Wareneingang,Hochregallager,2022-07-18 12:31:00,2022-07-18 15:21:00
772,Hochregallager,Packplatz,2022-07-18 19:49:00,2022-07-18 20:26:00
772,Wareneingang,Hochregallager,2022-07-18 13:54:00,2022-07-18 14:51:00
760,Hochregallager,Packplatz,2022-07-18 17:46:00,2022-07-18 19:20:00
760,Wareneingang,Hochregallager,2022-07-18 06:57:00,2022-07-18 08:07:00
477,Hochregallager,Packplatz,2022-07-18 17:25:00,2022-07-18 17:46:00
477,Wareneingang,Hochregallager,2022-07-18 08:50:00,2022-07-18 08:57:00
334,Hochregallager,Packplatz,2022-07-18 21:26:00,2022-07-18 21:48:00
334,Wareneingang,Hochregallager,2022-07-18 08:37:00,2022-07-18 09:11:00
145,Hochregallager,Packplatz,2022-07-18 17:23:00,2022-07-18 20:22:00
145,Wareneingang,Hochregallager,2022-07-18 11:35:00,2022-07-18 13:46:00
624,Hochregallager,Packplatz,2022-07-18 13:26:00,2022-07-18 15:17:00
624,Wareneingang,Hochregallager,2022-07-18 02:52:00,2022-07-18 03:54:00
652,Hochregallager,Packplatz,2022-07-18 15:45:00,2022-07-18 16:41:00
652,Wareneingang,Hochregallager,2022-07-18 08:52:00,2022-07-18 10:09:00
632,Hochregallager,Packplatz,2022-07-18 17:10:00,2022-07-18 20:12:00
632,Wareneingang,Hochregallager,2022-07-18 08:07:00,2022-07-18 11:58:00
197,Hochregallager,Packplatz,2022-07-18 22:00:00,2022-07-18 22:14:00
197,Wareneingang,Hochregallager,2022-07-18 17:07:00,2022-07-18 17:10:00
968,Hochregallager,Packplatz,2022-07-18 12:05:00,2022-07-18 14:05:00
968,Wareneingang,Hochregallager,2022-07-18 13:31:00,2022-07-18 16:14:00
530,Hochregallager,Packplatz,2022-07-18 20:36:00,2022-07-18 22:11:00
530,Wareneingang,Hochregallager,2022-07-18 18:34:00,2022-07-18 21:09:00
